B11,B12,B2,B3,B4,B8,H2_pct,H2_ppm,OBJECTID,sid_vs_mean,sid_hematite,sid_magnetite,sid_goethite,sid_serpentine,sid_olivine,sid_chlorite
2586.0,2438.0,9024.0,8796.0,8867.2,8412.0,29.2,,7.0,0.097280626215006,1.106884899203701,1.176566137107993,1.1598779042344676,,,
1954.0,1900.5,6882.0,6432.0,6112.0,5880.0,51.5,,8.0,0.0896261214400492,1.0693275071715715,1.1397193627607851,1.1224690179207428,,,
1853.75,1367.167,476.765,665.714,719.429,1883.0,15.7,,177.0,0.3759915046942204,0.18329230282687325,0.2072102196849388,0.19507023719719602,,,
2175.65,1647.875,798.267,1118.429,1242.286,1883.556,39.2,,178.0,0.2125042147249244,0.159559296130746,0.17640163215889026,0.1709917091250528,,,
2403.444,1768.6,609.8,791.6,800.444,2609.929,34.0,,180.0,0.4242789693191711,0.2091314009493482,0.23836420608160158,0.22285791216501388,,,
1366.75,688.429,215.9,418.053,281.571,2909.75,50.9,,181.0,0.816268752863989,0.7959947910902285,0.8533473849842932,0.8221023620098329,,,
1517.488,1132.96,794.564,929.84,984.413,1758.909,4.1,,182.0,0.1297747902223969,0.24901283779284686,0.28306947321127784,0.27085292083710566,,,
2254.3,1484.25,603.84,990.714,987.471,2395.692,14.7,,183.0,0.3076153265579778,0.23434023885891003,0.2565968628969248,0.2466565860667016,,,
1833.833,1778.333,7556.0,7512.0,7336.0,6894.0,10.8,,186.0,0.130894003321108,1.2153056332699208,1.2874787178873308,1.2705449172853793,,,
2889.0,2033.0,539.25,735.889,1186.4,2976.0,1.1,,189.0,0.4874618824679748,0.2227066619173767,0.24621815984259054,0.23291231275808572,,,
1682.0,1133.4,410.591,534.0,667.227,1995.5,70.0,,205.0,0.4082508562378689,0.26490234742336277,0.29741583020083806,0.28082300000485083,,,
3108.0,2447.333,2561.978,2967.0,3131.933,3323.167,57.7,,207.0,0.0347641466829106,0.35324391208927236,0.384189026735556,0.3775600046982994,,,
3151.0,2415.333,860.4,1116.4,1256.308,2716.8,13.3,,209.0,0.3636298172141491,0.1296434185471911,0.1486409391537708,0.13913390278897206,,,
4437.333,3960.667,2015.636,2529.75,2962.0,3464.0,4.1,,213.0,0.1896895457764285,0.12763743763536717,0.1429063400026932,0.13917773313351633,,,
3287.8,2398.333,2062.0,2157.0,2295.167,2741.667,19.5,,240.0,0.098277250833195,0.23297847315533612,0.26020065347560684,0.25289280458996743,,,
2332.3,1706.667,5029.333,4837.0,4682.0,5100.0,2.0,,267.0,0.0321293696352687,0.870166368703839,0.9330039009816926,0.9170569616923411,,,
3748.25,3440.5,1253.714,1697.667,2515.75,3152.0,3.82,,288.0,0.2701750691414422,0.11193996156432752,0.12520622350402316,0.12076778188831352,,,
2329.0,1973.5,3822.25,3559.0,3539.0,3708.0,1.1,,295.0,0.00416531386545,0.6184755142713103,0.672083002315286,0.6582676101705274,,,
2329.0,1973.5,3822.25,3559.0,3539.0,3708.0,1.6,,296.0,0.00416531386545,0.6184755142713103,0.672083002315286,0.6582676101705274,,,
2108.25,1583.0,2113.5,2217.5,2132.0,3517.0,2.53,,304.0,0.0239653146905087,0.4766757161158756,0.5282356314179784,0.5117936781837381,,,
2959.25,2708.667,2902.0,2830.0,2635.0,3460.0,1.7,,360.0,0.0378207937314787,0.31971670654965806,0.36085118460336807,0.34869751731402865,,,
2953.0,2675.0,2298.5,2359.0,2552.5,3034.5,2.6,,362.0,0.067031317046014,0.2501648375986794,0.2832582142771599,0.27388877608492673,,,
4487.0,4328.0,1248.615,1890.8,3049.1,3673.333,2.2,,382.0,0.3287792797383264,0.1014848244315576,0.10952386575912328,0.10684381005101302,,,
3241.25,2988.25,1050.222,1315.091,1953.2,2405.0,2.6,,391.0,0.3101569638161295,0.08240391497945415,0.0937007977199016,0.08957476435794849,,,
3868.625,3597.0,982.136,1378.737,2590.538,3104.167,4.2,,397.0,0.3668187209506883,0.10675296319078707,0.1156692643416499,0.11200122792205201,,,
3508.333,3363.0,1045.222,1386.316,2458.818,3029.444,20.4,,405.0,0.3191412007009341,0.11003064494108895,0.12323670785322112,0.11811396596813419,,,
3490.25,3183.5,1119.286,1502.933,2207.294,2777.857,12.8,,414.0,0.2913294677084901,0.09918093263089788,0.11091975269143263,0.10685205617804983,,,
1910.0,1681.667,4481.6,4376.5,4452.0,5150.0,19.0,,421.0,0.0366095455253081,0.8777096518286974,0.9439133232415936,0.9261725141479298,,,
2783.167,2204.0,2309.0,2129.5,1950.625,2732.0,26.3,,457.0,0.0670350175332028,0.2763592606204222,0.31526524621059276,0.30309672393146747,,,
2354.5,1996.0,1061.143,1375.0,1634.571,2592.667,2.4,,461.0,0.1651178356017987,0.1948100816675718,0.22135192969555895,0.21204875140690965,,,
3387.0,3038.0,1164.0,1564.0,2011.4,2572.833,8.4,,577.0,0.2734878205496244,0.09444565661023588,0.10562452376167705,0.10211219363394301,,,
5196.0,4815.909,1885.75,2533.286,3103.172,3520.656,7.2,,668.0,0.275340885045522,0.08194736737435945,0.08942952238556234,0.08803484749642354,,,
4428.4,4082.429,1834.0,2391.714,2854.111,3242.286,11.5,,675.0,0.2254486937756014,0.10437449138222742,0.11572460641610964,0.11330901120150734,,,
3628.375,3281.0,1305.902,1633.667,1953.854,2528.0,3.7,,735.0,0.2879783777316535,0.0763093427041696,0.0872947529552529,0.08366394473880288,,,
3628.375,3281.0,1305.902,1633.667,1953.854,2528.0,6.4,,736.0,0.2879783777316535,0.0763093427041696,0.0872947529552529,0.08366394473880288,,,
3217.667,2775.25,1181.385,1499.333,1898.667,2529.333,1.1,,760.0,0.2499993661415149,0.1074662824286833,0.1221237756967113,0.11721721538635926,,,
4181.182,3793.0,1337.366,1823.026,2464.027,3101.727,1.1,,827.0,0.2997256090306135,0.08673021745233389,0.09619363737103316,0.0931156259951209,,,
4322.467,3740.0,2081.371,2584.229,2845.733,3291.238,2.3,,846.0,0.1735450433315991,0.13976575633816318,0.1553890100634499,0.1519097891126204,,,
2766.1,2479.077,3372.667,3288.0,3366.0,4324.6,21.0,,880.0,0.0061982646007902,0.4630648994661002,0.5131081367228709,0.49846911314887576,,,
2318.0,1648.8,2194.5,2247.0,2457.5,3572.333,2.1,,888.0,0.0223050638896985,0.46697179874736716,0.5160570089428254,0.500902529143712,,,
3662.0,3301.5,1236.0,1763.556,2076.0,2842.0,31.8,,952.0,0.275232116173547,0.0945378312517237,0.10507718569178247,0.10175147540237912,,,
3662.0,3301.5,1236.0,1763.556,2076.0,2842.0,4.7,,953.0,0.275232116173547,0.0945378312517237,0.10507718569178247,0.10175147540237912,,,
4620.25,4202.333,2087.25,2751.667,3582.917,4120.444,2.17,,968.0,0.1714906620297285,0.15566562838532505,0.1727354622142906,0.16851020625114915,,,
4620.25,4202.333,2087.25,2751.667,3582.917,4120.444,1.92,,969.0,0.1714906620297285,0.15566562838532505,0.1727354622142906,0.16851020625114915,,,
4620.25,4202.333,2087.25,2751.667,3582.917,4120.444,2.06,,970.0,0.1714906620297285,0.15566562838532505,0.1727354622142906,0.16851020625114915,,,
2318.333,2286.333,795.933,1054.1,1620.727,2266.0,1.0,,973.0,0.27330512535497,0.12106447729268509,0.13944812682534413,0.13227546534570184,,,
3162.5,2746.0,1048.632,1440.727,1894.857,2709.556,18.9,,974.0,0.266601058973487,0.11751401033591934,0.13232897394052037,0.1269313980729963,,,
2481.0,2164.0,995.571,1239.6,1492.4,2221.5,76.3,,976.0,0.2203892307410474,0.12763760787613357,0.1477602477330622,0.14050344038999646,,,
3680.571,3231.821,1253.75,1632.667,2088.4,3011.944,1.9,,1022.0,0.2751243805157374,0.1026567424200773,0.1176182985352098,0.11197133094074387,,,
2736.8,2342.0,797.5,1119.5,1516.0,2652.0,1.91,,1052.0,0.3094737056557134,0.13709349623784323,0.15586641288113845,0.1475480882531563,,,
3976.625,3277.286,1365.0,1758.667,2258.5,3352.0,2.29,,1292.0,0.2592915456945867,0.12268399207165474,0.13958188861960974,0.13321735335388554,,,
2739.25,2217.333,3132.0,3060.0,2808.0,3748.0,1.0,,1317.0,0.0105873363671773,0.44502996947325235,0.49271583414755293,0.47895404966475974,,,
3479.667,2769.4,923.438,1181.8,1504.5,2399.333,5.2,,1354.0,0.3808326167490868,0.0853406948693673,0.09547207385343032,0.0904253590297027,,,
4345.917,3792.0,1080.0,1505.429,2192.0,3070.0,1.3,,1423.0,0.3929417285738853,0.07801628706909342,0.08488707217353204,0.08144958638271696,,,
4464.0,3767.0,1879.429,2427.133,3182.0,4095.2,1.1,,1424.0,0.182423931729497,0.16178254334100273,0.18119447976291042,0.17533183936945831,,,
3018.25,2413.375,857.923,1061.12,1304.857,2078.571,2.8,,1427.0,0.3635412013437603,0.0835195769682293,0.09488156573614154,0.08949763476847368,,,
3340.857,2676.0,948.273,1311.6,1634.952,3046.0,1.4,,1431.0,0.3211320371409012,0.13518447076713885,0.1533133505229159,0.14503697937374724,,,
3021.222,2290.667,993.381,1303.76,1581.167,2654.0,3.6,,1460.0,0.2623452672893116,0.1462068841583291,0.16517087905063638,0.15760890778018175,,,
3205.667,2640.0,970.903,1442.211,1956.909,2842.0,6.7,,1490.0,0.2716719417283077,0.13953433510474594,0.1534779185212959,0.14846014746742717,,,
3570.0,2988.333,1089.778,1439.333,1885.733,2777.556,6.1,,1491.0,0.3079676263594902,0.10022276034111537,0.11319243604235259,0.10795395134015866,,,
2830.0,2224.5,686.958,957.28,1119.231,2326.333,2.5,,1492.0,0.4008325237748597,0.11677710814558892,0.1314172122191759,0.12353062111461263,,,
2925.778,2293.5,799.696,1052.1,1312.455,2578.0,6.5,,1526.0,0.3488843843313291,0.1302744131619869,0.14882802309107143,0.13984155262274173,,,
4302.286,3790.5,1251.182,1821.647,2530.857,3810.0,1.1,,1901.0,0.3054118986385653,0.11777693543474495,0.13160849631855398,0.12598596278218788,,,
4302.286,3790.5,1251.182,1821.647,2530.857,3810.0,1.3,,1902.0,0.3054118986385653,0.11777693543474495,0.13160849631855398,0.12598596278218788,,,
3064.25,2368.5,725.0,991.8,1042.5,2504.0,1.1,,2010.0,0.4335505372253431,0.12114613713945463,0.13685002810703922,0.1278734571429948,,,
3251.667,2717.0,986.75,1242.8,1549.0,3107.333,2.7,,2047.0,0.3253366760296774,0.13135281519551556,0.153660079308715,0.14315289943474957,,,
3358.0,2606.667,999.875,1270.756,1496.429,2790.667,5.6,,2145.0,0.3240756274088395,0.12031239637587936,0.13818893907550706,0.12997889994436296,,,
3358.0,2606.667,999.875,1270.756,1496.429,2790.667,17.9,,2146.0,0.3240756274088395,0.12031239637587936,0.13818893907550706,0.12997889994436296,,,
3955.333,2968.583,1564.5,2017.667,2362.2,3622.0,1.0,,2301.0,0.1945102955662702,0.17422586677750893,0.1955534208553495,0.18825056549900282,,,
3588.967,2809.667,642.919,864.2,921.636,2598.0,1.1,,2317.0,0.6009248845888531,0.11958880055495791,0.13069754291947788,0.12172200203924587,,,
2960.5,2128.167,663.444,1053.0,1179.0,2868.0,1.9,,2420.0,0.3937367084286946,0.18298923503157263,0.20148123136222135,0.19183212316720577,,,
3512.333,2796.0,1244.0,1570.667,1939.0,3537.6,6.6,,2450.0,0.2480882308306416,0.16360867269694612,0.1883042464696602,0.1780745027025354,,,
3980.5,3051.0,1082.0,1562.667,2009.556,3137.5,4.6,,2500.0,0.3194124353981631,0.12314567083427558,0.13476683076490512,0.1299760662594502,,,
2166.0,1534.0,444.0,545.333,662.0,2799.0,1.4,,2627.0,0.5547307776889623,0.31294809202610396,0.3507042299297243,0.32953901635614635,,,
2867.333,1875.0,744.667,937.0,997.5,2758.0,1.4,,2656.0,0.3850053208313475,0.20299055082344858,0.22903790072911612,0.21578074302273414,,,
4550.5,3923.0,1591.385,2072.727,2653.333,3936.0,8.1,,2812.0,0.2577484534014934,0.1180499609263269,0.13513670553790652,0.12869891210749296,,,
3475.75,2517.25,665.933,990.833,1319.75,2790.4,1.1,,2936.0,0.467394287187347,0.14284756720166109,0.15483609933100972,0.14738085008303822,,,
2730.333,1762.2,862.75,1127.0,1104.667,3248.0,2.2,,3055.0,0.3081515501876956,0.2706995622201528,0.30477017697748515,0.28900707925579106,,,
3183.5,2149.5,1126.8,1312.667,1431.0,3385.333,56.0,,3158.0,0.2649273047596988,0.2182837188917045,0.2501694529601659,0.23608442133339935,,,
2833.0,2049.5,866.5,1126.5,1434.5,3348.0,80.0,,3160.0,0.2999535796505803,0.23273349794383869,0.26374975511926413,0.2495805467012207,,,
2265.333,1583.75,511.775,687.125,750.2,3003.0,1.0,,3178.0,0.487600067292438,0.31138357736424527,0.34847786146072424,0.3285771637782216,,,
2784.0,2341.0,1004.667,1172.333,1425.714,4070.0,91.8,,3194.0,0.3104993214276591,0.260242946814358,0.30185013673070504,0.28232860649188063,,,
3781.333,2335.0,724.923,1052.727,1189.0,3753.6,3.2,,3227.0,0.4863209622770279,0.24838120903408423,0.272127762368805,0.25866192293859447,,,
2332.083,1662.982,544.588,742.333,805.1,3340.286,1.12,,3266.0,0.4839754908145182,0.33639072848387086,0.3762394478773921,0.3551680168716396,,,
3316.5,2775.5,2825.0,2626.0,2690.5,4357.5,17.2,,3339.0,0.0545232619115966,0.3153881898936885,0.3621166722481839,0.34606104747785327,,,
2130.333,1454.0,421.429,539.222,477.429,2342.0,2.4,,3427.0,0.5885722204978802,0.2771043190824083,0.30892537658470365,0.29002884322241607,,,
2801.333,2018.75,1208.5,1320.5,1514.333,3050.0,96.3,,3519.0,0.2000019153645973,0.21451459345319715,0.24840571872893294,0.23459011922859097,,,
3183.2,2505.167,1666.267,2017.0,2131.667,3670.0,33.7,,3534.0,0.1290744493736426,0.23543966780520767,0.26756514165780676,0.25630360228196974,,,
3405.0,2404.0,924.0,1238.286,1508.4,2910.222,1.04,,3730.0,0.3308142680104615,0.1520995355395351,0.1700694661112922,0.16175281549030993,,,
3468.5,3186.0,1394.0,1579.0,2646.0,3203.0,40.0,,3738.0,0.2259678559812788,0.13922084640817184,0.1604763258355155,0.15299106610988922,,,
3258.0,2355.0,803.0,1050.4,1252.333,2280.8,1.74,,3759.0,0.3974710378853214,0.10844267395419668,0.1195998828899163,0.11368580569927553,,,
2361.5,1902.0,993.0,1129.0,1166.0,2271.0,4.6,,3789.0,0.224899704688886,0.1509739575307566,0.17855886687255387,0.16726257712491938,,,
2516.417,1719.5,1165.25,1379.0,1308.5,4543.5,1.2,,3823.0,0.2558189601255805,0.42474356011718817,0.478322409318943,0.4547996960946711,,,
2001.8,1206.375,829.5,857.833,797.0,3242.0,1.1,,3841.0,0.3184457230572435,0.4239021034555731,0.4791944309383949,0.45368226860538297,,,
2572.143,1861.667,2284.0,2357.0,2246.0,4305.125,26.0,,3861.0,0.0481663820765318,0.44944776961538635,0.502574895342193,0.4842410323393582,,,
2530.045,2017.125,2459.714,2400.0,2469.0,3735.5,25.6,,3869.0,0.0253480427390335,0.4078044998059054,0.4570455110460492,0.4412558196398906,,,
2457.429,2298.5,5114.75,5082.0,5134.0,5258.25,12.7,,4042.0,0.0190778325002156,0.7642551676152189,0.8222303877021138,0.8078697739623864,,,
1808.0,1562.75,4122.0,3976.0,3924.0,4304.0,57.8,,4058.0,0.0298734183195284,0.8457862851883928,0.9093576145234998,0.8928618616134847,,,
2373.0,2126.25,4430.667,4263.0,4124.0,4890.667,1.0,,4211.0,0.0084676230652717,0.6986799412010494,0.7583782491083205,0.742111764262092,,,
2141.667,1790.0,3290.0,3250.0,3065.0,4576.5,1.0,,4222.0,0.00972681039929,0.6403982272953626,0.7014550768464602,0.6829691242517149,,,
2024.2,1712.0,4389.0,4072.0,3906.0,4500.0,2.17,,4259.0,0.0220255817116605,0.801265009673459,0.8655056859995713,0.8481665678292378,,,
2593.0,1825.5,1650.5,1748.0,1731.0,2844.0,5.636,56361.0,4270.0,0.088083604050178,0.2809789254234961,0.3179020658472345,0.3055649393186963,,,
1227.2,1170.333,1038.909,1196.6,1422.4,1392.222,7.1,,4271.0,0.0446497765622099,0.31942558113631475,0.3497088161546533,0.3431648802507743,,,
2533.5,2222.4,7729.6,7365.167,7458.667,7520.0,35.0,,4287.0,0.0744337134395434,1.0364233019107076,1.1058049250231656,1.0884525689722457,,,
2321.375,1815.0,5374.25,5102.4,5021.333,5216.0,68.44,,4289.0,0.036835719810582,0.8854223037546022,0.9488424427976772,0.9329365244922432,,,
2279.3,2274.083,4690.0,4244.0,4256.0,4520.0,12.6,,4290.0,0.0121323509689033,0.6907508939527389,0.7508566311631067,0.7347313801949951,,,
2045.75,1689.5,5289.333,4918.8,4965.6,5081.333,12.6,,4291.0,0.0484011892622106,0.9346654270094933,1.0011667999044416,0.984268220802863,,,
2032.667,2072.4,7479.0,7116.0,6872.333,6683.8,18.8,,4293.0,0.0961442186366753,1.0924206357906145,1.1636164542057594,1.1461132809033057,,,
1939.5,1709.0,5816.0,5481.333,5164.0,4700.0,93.1,,4294.0,0.0713278601754933,0.9967870954474118,1.0617619037828727,1.0466379563676198,,,
713.5,715.5,943.25,922.5,865.25,843.0,2.175,21749.0,4428.0,0.021958478590897,0.42878529617885064,0.4698827376284207,0.46020815098279466,,,
713.5,715.5,943.25,922.5,865.25,843.0,1.648,16479.0,4429.0,0.021958478590897,0.42878529617885064,0.4698827376284207,0.46020815098279466,,,
2581.833,2286.0,5409.333,5276.0,5162.0,5772.0,46.4,,4438.0,0.0194842973021465,0.783070510380266,0.8442692942088322,0.8282795503196121,,,
1953.5,1853.667,3587.0,3340.0,3355.0,3323.0,34.4,,4439.0,0.0089721506628458,0.6437437123753309,0.6982197891177715,0.6844888530191141,,,
3128.5,2858.333,3716.0,3481.333,3360.0,3676.0,54.0,,4440.0,0.0198506524334301,0.39802249562320124,0.44124906334830727,0.4297392980698682,,,
2948.7,2470.0,8103.909,7776.0,7710.4,7582.0,67.0,,4441.0,0.0598299889676904,0.9785813531391611,1.0442815890968262,1.0283052192618487,,,
2445.0,2282.167,7766.0,7330.0,7079.5,6511.5,36.0,,4442.0,0.0765938050787519,1.0189295469870894,1.085612236310019,1.0698143917255059,,,
2420.6,2214.333,7696.0,7394.667,7122.667,6609.333,22.2,,4443.0,0.0794817591340621,1.0357534379383653,1.1023268731923506,1.0866864034696562,,,
2448.0,2192.0,6622.0,6368.0,6273.048,6237.333,36.0,,4444.0,0.0523064600764984,0.9397677979954469,1.004705734118628,0.9887580662909886,,,
2780.5,2332.3,5314.0,4964.0,4879.429,5460.8,19.0,,4445.0,0.0110825042904301,0.7257080258417741,0.7857392756094081,0.7697416854295656,,,
2511.286,2026.5,4442.0,4316.0,4288.0,4697.5,64.0,,4446.0,0.0084056883354443,0.7080107663246396,0.764807354675923,0.7501899029265979,,,
2357.0,1897.4,3470.667,3368.0,3427.6,3738.4,24.1,,4447.0,0.0010189626145687,0.5961172994392823,0.64776433938074,0.6344125230184343,,,
2584.25,2194.5,3799.0,3676.0,3694.0,4121.25,57.3,,4448.0,0.0005371476703404,0.5719581609146646,0.6235985442746926,0.6099744593288934,,,
2080.25,1957.0,6691.0,6482.4,6354.667,5930.0,14.0,,4449.0,0.0804041666184378,1.0398285705579389,1.1066990576211533,1.0909101860054067,,,
2089.364,2034.667,8152.0,7899.333,7960.0,7446.4,16.6,,4450.0,0.1169531909864078,1.1693729455399935,1.2413028117781073,1.224099195009738,,,
3423.0,2634.25,1236.667,1584.0,2073.0,3118.4,98.5,,4457.0,0.224486822873387,0.16094588234484636,0.18131247061494796,0.17390515068949564,,,
2349.111,1453.5,496.0,866.417,796.5,3682.25,25.0,,4462.0,0.4944376704327342,0.4361241364703356,0.47585702832802,0.4552965350548222,,,
2475.0,2319.0,1802.0,2010.0,2202.0,4376.0,52.0,,4463.0,0.0970007653993111,0.34519724496897364,0.39380372965502675,0.37571857129275543,,,
2707.0,2060.75,560.143,798.875,848.0,3117.5,14.1,,4465.0,0.5094474249493908,0.2356854143870692,0.2643717641143208,0.24798682586580095,,,
2597.0,2382.0,4446.0,4312.0,4210.0,5036.0,24.6,,4468.0,0.00356731456658,0.6394262410320675,0.6966365744216192,0.6809201550967957,,,
2717.5,2213.5,4176.0,4052.0,4060.0,4778.25,16.0,,4478.0,0.0013092019495722,0.6224177044422239,0.6773897200094872,0.6624955670330382,,,
2765.5,1943.5,3028.0,2702.0,2610.0,4773.6,13.3,,4479.0,0.0307525873501124,0.5085412769091706,0.5689742341711623,0.548226313330333,,,
2476.0,2328.714,3602.0,3490.667,3532.0,4390.0,61.5,,4480.0,0.0014236478624767,0.5403436004527198,0.5943107258211742,0.5788834005859056,,,
2455.0,2096.5,2604.0,2532.0,2480.0,3528.0,12.9,,4482.0,0.0180869036343175,0.4052497995594536,0.4535559534276716,0.4386624851473433,,,
3039.444,2454.286,2900.0,2959.0,2834.0,3928.0,22.1,,4483.0,0.0245966394414073,0.3782772723652307,0.4216418433671902,0.4088046857897527,,,
2328.0,1944.0,2583.0,2558.0,2424.0,3464.0,93.0,,4484.0,0.0128012293744896,0.43843760239450114,0.487646092102778,0.47275702842602413,,,
2422.0,1921.75,2341.0,2310.0,2302.0,4558.0,11.3,,4485.0,0.0509641276412379,0.4664165140670872,0.5242544217807592,0.5036949590092876,,,
4107.0,3234.0,5174.0,4566.0,4262.0,5209.6,100.0,,4486.0,0.0110016672321461,0.4676248098234589,0.5178621203683165,0.5034569079779497,,,
916.5,906.571,1466.0,1360.0,1446.0,1569.333,57.8,,4487.0,0.0025775167393191,0.5580520191122045,0.6118819429555202,0.5971781434453785,,,
2053.5,1930.75,2952.667,2808.333,2655.0,3544.0,73.1,,4488.0,0.0032796778981341,0.5183463147223129,0.5731154722367888,0.5569317889866756,,,
1868.8,1146.5,1440.0,1354.0,1117.6,3483.5,48.3,,4493.0,0.1397338147562742,0.508269766551233,0.5725831559214876,0.5468738049304529,,,
2528.143,2332.7,3532.0,3236.0,3022.0,4312.0,37.5,,4495.0,0.0064106493278378,0.499798826084321,0.5562836588965325,0.538832927769104,,,
1767.25,1618.25,2403.0,2198.0,2157.0,2576.667,30.4,,4497.0,0.0054481791392252,0.4749988005358335,0.5260588418262631,0.5114899299254172,,,
2089.25,1050.778,733.5,919.25,664.8,3932.75,28.7,,4498.0,0.4351545301211347,0.5959475449409777,0.6557308616882154,0.6273824904992873,,,
2327.333,1417.5,1219.0,1195.333,1134.667,4789.0,1.85,,4499.0,0.2961240685107903,0.5389987953489759,0.6055485532607813,0.5758313848097454,,,
2327.333,1417.5,1219.0,1195.333,1134.667,4789.0,1.76,,4500.0,0.2961240685107903,0.5389987953489759,0.6055485532607813,0.5758313848097454,,,
2270.875,1939.0,3396.0,3252.0,3110.5,4184.667,11.4,,4501.0,0.0022943966342365,0.5869031643117164,0.6442220618140821,0.6274409123038545,,,
2774.0,2106.0,3388.0,3040.0,2642.0,4068.0,34.0,,4503.0,0.0139772171874172,0.4830004953934862,0.5380821504329059,0.5207617812859543,,,
2381.091,2125.25,4024.0,3814.0,3700.0,4120.0,26.7,,4504.0,0.0033498359116772,0.6232920344804053,0.6783965372138627,0.6637855698145434,,,
1908.833,1889.5,2962.0,2773.5,2615.583,3193.333,34.0,,4505.0,0.003448602136144,0.5274147972716958,0.5814555925829947,0.5661078186385315,,,
208.062,175.5,295.091,278.0,151.5,149.773,43.1,,4506.0,0.1177429290537797,0.49896752051262905,0.5352365322586957,0.5283292512407102,,,
2018.364,1662.75,1770.0,1754.0,1591.0,3031.0,20.8,,4507.0,0.0550579038924129,0.3615135864985612,0.4116179483308255,0.3940105416178746,,,
2960.429,2190.5,1328.643,1763.043,2527.636,2853.667,50.0,,4508.0,0.1371932285865034,0.24199456068739034,0.26252194719929256,0.25762582330784894,,,
2053.0,1907.5,3119.0,2935.0,2847.0,3533.75,23.9,,4509.0,0.0013759981017003,0.5489054272595879,0.6038986488799112,0.5881794761356485,,,
2215.5,1995.0,3896.0,3353.333,3276.0,4048.0,42.6,,4510.0,0.0044015034805175,0.618180851883266,0.6796492924843546,0.6616069715200565,,,
2410.125,1989.0,674.762,927.333,1305.143,2210.0,77.5,,4511.0,0.3212719236879907,0.13363220757118444,0.15108293400138365,0.14326172605117055,,,
2037.667,1491.429,542.833,670.8,875.8,1902.0,15.2,,4512.0,0.3625828548992684,0.1610212023929981,0.18399798778861268,0.17260038693407642,,,
2760.5,3019.917,1968.667,2248.714,2254.0,2137.333,24.0,,4513.0,0.1356441857599477,0.16789300103879817,0.18666497370218949,0.18348899524527498,,,
3156.75,2454.667,680.545,934.75,1362.857,2732.0,11.5,,4514.0,0.432553974185676,0.13695548293328547,0.15276722960107808,0.14392169891106027,,,
1733.0,1629.0,1564.0,1651.0,1658.0,1632.0,59.0,,4515.0,0.0555548223053431,0.2897788036503893,0.31967921454042453,0.31318066110006976,,,
3073.25,2341.857,2935.75,2801.0,3010.0,3741.333,53.5,,4517.0,0.0225751236394396,0.3872390282077327,0.4309392816052713,0.41822450949276047,,,
2590.6,2076.0,4384.0,3908.0,3828.0,4712.0,95.2,,4518.0,0.0044424736539477,0.6545031699064957,0.715113580147323,0.697772717828041,,,
4858.0,3783.0,8984.0,8532.0,8040.0,7652.0,14.9,,4519.0,0.0178232512828771,0.7220373666392014,0.7756700301160415,0.7632146653087706,,,
2463.625,1894.636,3567.333,3369.714,3264.333,3968.5,12.8,,4520.0,0.0010602038281629,0.5923222212286747,0.6467733895678829,0.631719915726539,,,
2957.0,2390.6,3960.0,3832.0,3872.0,4364.0,37.7,,4521.0,0.0010290567161052,0.5364501280172268,0.5860437644468713,0.5729108551076038,,,
2480.667,2111.25,4750.0,4570.0,4386.0,4599.0,16.4,,4522.0,0.0126721610849625,0.7229061144885239,0.779775044263064,0.7655194181024003,,,
2404.5,2217.0,3824.0,3729.0,3666.0,4302.0,13.1,,4523.0,0.001257797355983,0.5921349471778508,0.6464866215881684,0.631699518208185,,,
3062.0,2423.5,736.5,1177.0,1571.0,2602.667,10.3,,4524.0,0.3490757042721652,0.13245213114078963,0.14347479868050197,0.13846190817110277,,,
1961.0,1324.353,821.319,1121.368,1243.13,2139.222,11.3,,4525.0,0.1592777914386258,0.25598915343042944,0.2831063828626039,0.27381025605636544,,,
2335.154,2199.909,5264.667,4822.4,4824.0,5274.667,99.9,,4526.0,0.0215710016398267,0.7824746346288746,0.8463299767890546,0.8291699357527202,,,
2192.667,2163.25,6277.0,5828.0,5720.0,5698.0,20.6,,4527.0,0.0519837139752583,0.922555882500193,0.9891463902970814,0.972310582135988,,,
2192.667,2163.25,6277.0,5828.0,5720.0,5698.0,93.8,,4528.0,0.0519837139752583,0.922555882500193,0.9891463902970814,0.972310582135988,,,
1967.0,1852.0,4856.4,4578.857,4286.429,4628.0,34.9,,4529.0,0.0328689212313693,0.8414462432070324,0.9056369741133523,0.8890087545749037,,,
2118.917,1982.0,5915.3,5656.571,5542.667,5603.333,27.3,,4530.0,0.053447197207833,0.940970798495168,1.0069700085400322,0.990497882215966,,,
2143.857,1955.0,5339.2,5035.333,4904.0,5304.0,88.4,,4531.0,0.0363414063850848,0.8697742427089965,0.9352108732306832,0.9181532715905829,,,
2549.5,2210.5,5205.333,4960.0,4885.5,5348.0,20.1,,4532.0,0.0165306144598647,0.7633253223436114,0.8239221624423154,0.8081012827256142,,,
2316.0,1943.0,4182.667,3784.0,3688.0,4518.667,29.5,,4533.0,0.0067218891766676,0.6825209077588072,0.7441941509382777,0.7266814734881138,,,
2026.0,1522.0,1444.667,1620.0,1476.0,3618.0,66.6,,4534.0,0.1077142377101953,0.41683769521612546,0.4696966103546062,0.449588651926908,,,
2725.5,2342.0,4316.0,4064.0,3984.0,4808.0,19.5,,4535.0,0.0012079761732807,0.6049033687294377,0.6612182585717632,0.6455047222554996,,,
2917.25,2475.0,5016.0,4540.0,4377.0,5016.0,90.5,,4536.0,0.0042858564253185,0.6370103182835691,0.6947721497883338,0.6789325320892913,,,
1988.0,1969.0,3781.0,3500.0,3478.0,4070.0,85.8,,4537.0,0.0069696647006555,0.6586457674320118,0.7188517871122946,0.7020172704839744,,,
1364.375,1168.833,1437.636,1570.0,1440.909,1255.846,100.0,,4538.0,0.0394505097164447,0.39555579829713283,0.42534790385933996,0.4206993980700825,,,
2151.75,1958.571,4889.333,4614.0,4550.0,4768.0,87.0,,4539.0,0.0255325055403014,0.8080189295621172,0.870138496389552,0.8541905434839767,,,
2277.0,2188.333,6928.0,6546.0,6586.5,6651.0,79.0,,4540.0,0.0657329550028967,0.9908326789442214,1.0596072065027315,1.0422056132404272,,,
2261.833,2022.167,5317.667,4840.0,4795.2,5008.0,90.5,,4541.0,0.0285425489968314,0.823811860140379,0.8878759051915501,0.871156389636987,,,
1953.5,1268.5,1284.0,1310.0,1233.0,3492.333,80.0,,4542.0,0.1482380297426487,0.45294851562820293,0.5109991458533018,0.48766143935548945,,,
2667.333,2278.0,5394.0,5152.0,5006.0,5352.0,17.0,,4543.0,0.0164124750827006,0.7589283947920757,0.8183377616272894,0.8031397126124953,,,
2101.0,1706.0,1363.0,1313.0,1509.333,2516.667,19.0,,4544.0,0.1031607945062863,0.24960837809266154,0.29057265376296704,0.27565831951432695,,,
1575.4,1361.5,959.0,1060.0,1116.0,1497.0,13.0,,4545.0,0.1128749663341506,0.19365731438633627,0.22152791143306522,0.21308749465553173,,,
2499.175,2326.25,7170.0,6418.0,6306.0,6066.0,11.8,,4546.0,0.0546046276656985,0.9310335764710067,0.9981058624993062,0.9812161196559226,,,
2202.333,1936.667,5631.0,5418.0,5248.0,5706.0,13.9,,4547.0,0.0437507435019161,0.911419127187735,0.9774503832743993,0.9604418584892102,,,
2689.8,2072.0,6779.0,6329.0,6089.0,6118.0,13.8,,4548.0,0.0489894402165825,0.9357842023542056,1.000672935889542,0.9846654319679764,,,
2408.0,2198.0,7483.0,6825.0,6790.0,6668.0,17.9,,4549.0,0.0699263604905114,1.00715985950781,1.0768146288817606,1.059245910827853,,,
2138.833,2139.0,7507.2,7204.0,7195.0,6946.0,27.4,,4550.0,0.090871957341366,1.0778115492408862,1.1480262232648575,1.1308295508288444,,,
2138.833,2139.0,7507.2,7204.0,7195.0,6946.0,20.1,,4551.0,0.090871957341366,1.0778115492408862,1.1480262232648575,1.1308295508288444,,,
2741.5,2509.6,7872.0,7388.0,7198.0,7102.0,17.6,,4552.0,0.0581587213292202,0.9585799310335315,1.0251576137272558,1.0086536849746974,,,
2638.0,2479.0,2530.0,2376.0,2332.0,4246.0,36.0,,4553.0,0.051876102267984,0.35195392434885364,0.4046254762153245,0.38588338573867265,,,
2403.429,2394.125,7620.0,7232.083,7200.0,7127.5,21.4,,4554.0,0.0705890630190216,1.0030304182266343,1.0716955940224142,1.0545460083170641,,,
2631.0,2352.0,4712.0,4295.0,4182.0,4714.0,26.4,,4555.0,0.0051998265988609,0.645732312906961,0.7038071653237989,0.6879811322332631,,,
2735.75,1954.625,919.75,1178.667,1302.0,3133.5,53.6,,4556.0,0.2734327289984051,0.2248328112538716,0.25600827209397264,0.2421279879001645,,,
1956.0,1360.2,854.5,1045.6,1175.6,2520.444,37.7,,4557.0,0.1822356525649397,0.2837382474151384,0.320772845902043,0.30602461188179164,,,
2367.15,2082.833,5542.0,5144.8,5130.0,5528.0,35.2,,4558.0,0.0297931142388688,0.8402048521667427,0.9048887290083336,0.8878860816214043,,,
2643.25,2384.0,4852.0,4460.0,4464.0,4966.0,90.6,,4559.0,0.0062462967978476,0.6665525506158392,0.7252296233869011,0.7093288183283749,,,
2779.0,2429.25,4895.333,4626.0,4414.5,5278.0,12.0,,4560.0,0.0048976652994439,0.6604251437233002,0.7189468228057202,0.7028518788357188,,,
2285.4,1511.4,691.938,953.44,1064.615,2912.25,38.4,,4561.0,0.3064472775827969,0.28817156712087855,0.322375469295188,0.30670700747798246,,,
2403.4,1770.571,827.35,1093.081,1469.852,2496.549,60.5,,4562.0,0.2303141024762147,0.2010563164931336,0.2255802280374316,0.21598769252024608,,,
2593.143,2179.667,4891.0,4512.0,4356.0,4906.0,18.9,,4563.0,0.0096232593507557,0.707366787851907,0.7671154736014199,0.751088795429542,,,
2573.5,2446.667,5221.333,4824.0,4816.0,5168.0,11.8,,4564.0,0.0122302170590456,0.7094896584000318,0.76940322663734,0.753496103671365,,,
2666.0,2319.0,5068.0,4796.0,4510.0,4950.0,86.6,,4565.0,0.0103186957635745,0.7014598015701263,0.7593176122513299,0.7442778307988254,,,
2470.667,2291.0,5028.0,4582.0,4424.0,4776.0,12.1,,4568.0,0.012827963634377,0.7090826474239451,0.7691905383844784,0.75321474928461,,,
2647.5,2387.167,2688.0,2693.833,2954.0,3294.667,40.0,,4570.0,0.0217025013788401,0.3700092258591415,0.41057091064430573,0.39964425021350963,,,
2805.4,2418.5,689.8,888.0,986.667,2866.0,56.0,,4571.0,0.4545684016991497,0.14870764299675776,0.17344049550320362,0.15959959991692096,,,
2593.571,2193.5,7125.0,6640.0,6513.333,6692.0,81.2,,4572.0,0.0554484118918552,0.9617491734251057,1.0292926939406013,1.012178542050688,,,
3238.333,2682.5,1620.0,1882.0,2151.2,2920.667,16.3,,4577.0,0.1515692051336754,0.16804578327428557,0.19181725974999117,0.1843764363144288,,,
3142.5,2527.0,2472.0,2614.0,2837.2,3520.0,40.0,,4578.0,0.0464809585859722,0.310491328850067,0.34631381283559426,0.3362303707387938,,,
2241.083,1961.0,4193.6,3920.0,3889.0,4434.667,31.9,,4579.0,0.0083126781263321,0.6988946818539727,0.7586838062969268,0.7424772878289736,,,
2858.0,2504.0,4556.0,4204.0,4039.0,4602.0,24.2,,4580.0,0.0023768314689215,0.5828602519575974,0.6373688894539535,0.6225451678750635,,,
1754.167,1364.667,1931.5,1896.0,1772.75,2957.0,23.1,,4581.0,0.0197975820573394,0.4821449757142343,0.5368433115890763,0.5191085074723779,,,
2323.625,2065.5,4914.667,4460.0,4385.333,4690.0,85.4,,4582.0,0.0171764023854189,0.7534167846238641,0.8151548025381329,0.798813978051533,,,
1699.833,1032.0,706.333,790.5,599.0,3106.25,18.6,,4583.0,0.3652591715608643,0.4930557293714691,0.5523573379387907,0.5245896734966213,,,
2726.429,2292.333,5042.0,4797.0,4680.0,5036.0,15.9,,4584.0,0.0095725501014335,0.7056696667559128,0.7629626293472102,0.7482173658962514,,,
2521.5,2193.25,1965.0,1864.0,1823.0,3537.6,22.2,,4585.0,0.0844736228889802,0.29300100981709243,0.34113001228765355,0.3232877845716617,,,
3043.25,2443.667,5330.667,5016.0,4932.0,5269.333,56.9,,4586.0,0.0074560110905107,0.685320565983401,0.7415453404479129,0.7270901361300466,,,
2736.0,2447.25,5171.2,4894.0,4908.0,5204.0,10.7,,4587.0,0.0094795078170537,0.6976335478414797,0.7552000061633792,0.7402859185370254,,,
3216.143,3057.1,1736.5,1967.3,2114.552,2655.846,16.2,,4588.0,0.1680894067823154,0.12906402699726532,0.15010054554419647,0.14390727395432373,,,
2207.125,1580.0,2307.0,2210.25,2137.5,3256.333,80.0,,4589.0,0.0172584643162686,0.4656713977059458,0.5173289021864342,0.5011266401804795,,,
1912.5,1144.0,2802.5,2651.75,2587.5,3470.333,70.0,,4590.0,0.0130165679233921,0.7172045825648767,0.7774669582390286,0.7603033119813682,,,
2205.9,1264.2,616.5,734.4,1086.333,3379.4,82.6,,4591.0,0.383761759480874,0.4247038763891207,0.4709958771020431,0.4490102450935046,,,
2175.688,1369.333,642.5,811.2,1115.0,3882.429,30.0,,4592.0,0.3965514186734986,0.4649887253830204,0.5157368670900974,0.49160337826837386,,,
1788.333,1369.875,1568.0,1522.0,1544.0,3009.0,27.3,,4593.0,0.0572763688674149,0.4196388370640186,0.47439450089412316,0.4547619966868357,,,
2904.0,2624.5,4042.0,3536.0,3602.0,4260.0,34.7,,4595.0,0.0051534537950201,0.48387348886728077,0.5369610733768736,0.5215068408599354,,,
2309.667,1900.8,4194.0,3580.0,3205.0,4535.0,32.1,,4598.0,0.0104853374975748,0.6693945051770118,0.7354372919829402,0.7153155257006025,,,
2285.4,1709.5,7400.0,7272.0,7190.667,6891.667,11.8,,4599.0,0.1032503730551834,1.1507974134324193,1.2200445086280733,1.2038381771786504,,,
2547.8,2217.0,3341.5,3398.0,2886.0,4044.0,19.2,,4600.0,0.0059670570941817,0.5026316004841375,0.5534051910365261,0.5388619125040964,,,
2059.312,1546.571,1200.667,1382.0,1346.667,4116.0,17.4,,4602.0,0.1929932451560934,0.44391363541555084,0.5005922918520229,0.47695846192415303,,,
2248.8,2287.75,3086.0,3047.0,2946.0,3092.0,87.0,,4603.0,0.0109997772055751,0.45692021926781495,0.501728819120597,0.4904129917867842,,,
2063.333,1606.0,1497.0,1440.0,1191.333,3110.167,21.0,,4604.0,0.1209922825712799,0.33531554013942805,0.38811177144914044,0.3672195903134441,,,
2767.0,2454.0,4684.0,4646.667,4588.0,5224.0,18.0,,4605.0,0.0039972593321682,0.6527753748560898,0.708166173557957,0.6935824142783303,,,
2999.75,2382.667,4208.0,3905.0,3678.0,4484.0,22.3,,4606.0,0.0021893662377558,0.5472335342158214,0.6002058166481055,0.5854339271171636,,,
2286.0,1669.0,3152.0,3040.0,2978.667,4571.667,56.5,,4607.0,0.0123436588276215,0.6317990320326036,0.6928457495646299,0.6739639006475666,,,
3248.333,2418.5,3568.0,3502.0,3473.333,4016.0,15.8,,4608.0,0.0098113090031868,0.4567864911666158,0.5009381439074285,0.4892903856498224,,,
2945.5,2480.0,2886.0,2602.0,2634.0,3616.0,30.0,,4609.0,0.0331486867100358,0.3433845863605163,0.3894623360505103,0.37490950823621494,,,
3183.333,2707.0,4581.333,4452.0,4556.0,4846.0,28.0,,4610.0,0.0013145919177179,0.5599791233311184,0.6097349449100792,0.597006136300212,,,
3349.25,2546.0,4901.0,4442.0,4460.0,4974.0,30.0,,4611.0,0.0023003521577126,0.5861769079372675,0.6397847083719859,0.6253169760090365,,,
2997.333,2288.333,4496.0,4164.0,4188.0,4526.0,32.8,,4612.0,0.0026658527315028,0.6061057583054736,0.6591176247990809,0.6452518660221018,,,
2980.167,2337.714,2555.5,2616.0,2472.0,3374.667,12.5,,4613.0,0.0401331495734941,0.3307358324043868,0.3698710630344641,0.35842267052400356,,,
2992.333,2508.8,5667.333,5320.0,5418.4,5692.0,15.4,,4614.0,0.0115449668348316,0.7245969861069279,0.7829437611163568,0.7678941204422385,,,
2787.667,2586.231,5072.0,4860.0,4766.667,5106.0,49.1,,4615.0,0.0067084688371892,0.659117278370255,0.7148850259629796,0.700459902540006,,,
3392.875,2640.2,3163.0,3067.5,2886.0,4130.0,10.9,,4616.0,0.0318460761608013,0.3614965388598017,0.40556178783339547,0.3920532614023564,,,
3548.625,2719.333,1691.0,1694.0,1990.0,3652.0,50.0,,4617.0,0.184915780162593,0.18760746152195004,0.2216362853329651,0.20805408303307601,,,
2480.5,2256.25,4064.0,3762.0,3352.0,4053.333,25.0,,4618.0,0.0045024116567205,0.57693324784039,0.6322634737727709,0.616922313036371,,,
2348.0,2190.0,4692.0,4396.0,4288.0,4952.0,14.5,,4619.0,0.0113679564143076,0.714770372123303,0.7759726464110654,0.7592659743613224,,,
2415.5,2026.0,6307.75,6153.0,6169.333,5962.5,24.6,,4620.0,0.0537408412157115,0.9511814405329737,1.0147434834278815,0.9995821891665986,,,
2224.8,1932.0,4566.0,3895.25,4026.0,4957.0,76.9,,4621.0,0.015056128858316,0.7433386326553022,0.8109856589459801,0.7911251549915298,,,
2092.0,1740.5,2285.5,2519.0,2643.0,2638.667,27.0,,4622.0,0.0106557158327838,0.4584255497626543,0.49634014637246493,0.48811869236080424,,,
1996.0,1663.25,2299.5,2354.0,2406.833,2392.286,28.1,,4623.0,0.0116059344930145,0.4522073431441417,0.49218809329398316,0.4830074354071119,,,
2547.0,2158.2,2246.333,2217.5,2316.5,2971.0,16.7,,4624.0,0.0392717391624481,0.31839949496587405,0.3584075676997509,0.34653969030895837,,,
1803.0,1239.667,523.524,803.95,636.5,3089.0,15.4,,4631.0,0.4235734071167511,0.42424218531627994,0.4701894704614351,0.447557024878362,,,
1280.5,1100.0,757.0,791.5,731.25,876.5,14.7,,4632.0,0.1681170236989764,0.14523395855487542,0.16564509091078422,0.16027465674562233,,,
2979.0,2212.0,4268.0,4176.0,3960.0,4844.0,30.0,,4633.0,0.001655408924178,0.6101693948788369,0.663748053492494,0.6492700905937396,,,
2681.917,2196.25,3808.0,3564.0,3397.0,4392.667,20.9,,4634.0,0.0014321080851784,0.5553452414434868,0.6104076140494722,0.5945107959754747,,,
2460.143,1956.6,4102.0,3784.0,3756.0,4461.333,14.2,,4635.0,0.0040332953493509,0.6612806027231484,0.7199845748790983,0.7037097514059842,,,
3423.833,2907.5,2454.0,2527.5,2658.0,3265.5,17.2,,4636.0,0.0807090293139729,0.2337910505686136,0.26501286126141954,0.2560845575631908,,,
3022.667,2398.5,6540.833,6204.0,6084.0,6398.0,97.8,,4637.0,0.0270789042436777,0.8327353916655073,0.8944920636912375,0.8788719862552326,,,
2478.4,1834.125,5218.133,4964.8,4902.0,5537.0,57.6,,4638.0,0.0284757972244151,0.85263772578358,0.9164683321388052,0.8997273031385189,,,
2992.8,2396.0,5688.0,5333.333,5186.0,5689.667,10.7,,4639.0,0.0126189634294799,0.7384028333211057,0.797765136891072,0.7822700466456698,,,
2260.6,2134.167,4190.667,3936.0,3854.286,4435.636,28.0,,4640.0,0.0062492110498653,0.6620473576593993,0.7208292991296883,0.7047663698304194,,,
2717.25,2565.0,5004.0,4593.333,4623.0,5074.0,54.0,,4641.0,0.0059578718253675,0.6498362865792221,0.7079128963751857,0.6921922181549167,,,
3726.0,3318.8,1328.0,1600.516,2084.615,2646.8,98.0,,4642.0,0.2866421094784306,0.08148144378820346,0.09382774281325931,0.08953818253315143,,,
2848.0,2639.2,3414.667,3217.5,3158.0,3963.0,33.9,,4643.0,0.012378414434263,0.41496895626540464,0.4629036285513721,0.4489065717524381,,,
2164.0,1800.5,3419.0,3228.0,2966.0,3798.0,47.5,,4644.0,0.0024028831534917,0.6095049812874899,0.6665727326697605,0.6504222863280714,,,
1935.0,1422.6,548.667,864.36,1054.5,1585.529,75.2,,4645.0,0.276775353689582,0.15027211668800552,0.16125193709227104,0.15762285241995683,,,
1880.0,1537.0,1115.333,1439.5,1703.818,1825.111,68.1,,4646.0,0.0869398870571487,0.25565167352554924,0.27785486826428357,0.2734894857293657,,,
2089.0,1561.5,986.429,1376.5,1394.8,2319.0,85.4,,4647.0,0.1336401209258425,0.24496302987228308,0.27142463199891836,0.2629874571806746,,,
2774.5,2276.0,5961.5,5416.0,5308.0,5752.333,60.6,,4648.0,0.0219860479239808,0.7978748862122222,0.8610729578670979,0.8443741004021288,,,
2812.5,2351.5,5728.0,5282.0,5322.0,5656.0,32.9,,4649.0,0.0168920775556126,0.7649354123819858,0.8259751285043677,0.8100174093833585,,,
2812.5,2351.5,5728.0,5282.0,5322.0,5656.0,34.6,,4650.0,0.0168920775556126,0.7649354123819858,0.8259751285043677,0.8100174093833585,,,
2579.667,2275.333,6118.667,5578.333,5703.0,5936.0,32.6,,4651.0,0.0310528294177144,0.843107668067373,0.9079224720148547,0.890970105841246,,,
2234.5,1754.75,1566.0,1873.0,1942.667,2233.639,87.3,,4652.0,0.0594208221432469,0.2913832376954122,0.3189721873493392,0.3127246716541179,,,
3026.667,2446.667,1049.364,1443.417,1955.455,2264.75,85.9,,4653.0,0.2401980548158102,0.12951284669781396,0.1399572877270261,0.13763668977935112,,,
2832.0,2240.071,1508.308,1825.667,2141.5,2277.895,73.4,,4654.0,0.1260904553311486,0.1982211186666436,0.21698089092720274,0.213243783859283,,,
2849.25,2223.2,5122.0,4740.0,4823.0,5162.667,17.4,,4655.0,0.0096015156936147,0.7147586391631867,0.7730348540877403,0.7578186216597341,,,
2527.667,2028.0,1466.25,1828.667,2132.667,2327.0,77.0,,4656.0,0.0956091648212414,0.2378818222110146,0.2599268699145575,0.25531095886754535,,,
3295.722,2896.5,1723.0,2172.846,2588.154,3840.25,26.7,,4657.0,0.1279048862419147,0.21906996844043397,0.24804064188384978,0.238515947100673,,,
2485.4,2163.0,1293.0,1588.0,1896.25,1995.25,97.0,,4658.0,0.1444284777513134,0.16848040371218614,0.18566598774935958,0.18225383546081136,,,
3335.0,2706.667,2511.0,2841.75,3102.667,3295.333,69.0,,4659.0,0.0538814760292071,0.29732275906964944,0.32608299636820404,0.3196469241905856,,,
2532.667,2217.3,1291.2,1519.556,1677.8,1998.375,99.0,,4660.0,0.1640456876980232,0.14283566879401374,0.16148433003474538,0.15663893008706642,,,
2504.5,2161.636,1568.526,1946.421,2133.538,2535.6,37.3,,4661.0,0.0856084354630228,0.2392338195885532,0.2645152277953661,0.2583688360204254,,,
4338.8,4012.8,2083.857,2714.25,3420.0,3941.538,21.2,,4662.0,0.1583298808181302,0.1607711455007178,0.1789704330000326,0.17447559272402322,,,
2827.5,2092.375,3281.0,3117.0,3013.0,3824.0,11.6,,4663.0,0.0070734586104165,0.481911335433866,0.5308080971724993,0.5169330864469207,,,
2810.0,2383.2,3232.0,3196.0,3299.667,3633.0,58.0,,4664.0,0.0091070423652418,0.44064888161690746,0.48432173220370056,0.47293786465349785,,,
2189.5,1746.0,1756.571,2145.25,2393.5,2642.0,61.0,,4665.0,0.0324669347929193,0.3741257608592265,0.4062068548627489,0.39902798137634443,,,
1550.917,1229.5,3430.0,2330.0,2509.0,2580.0,98.5,,4666.0,0.0300499626842391,0.7391185439362021,0.8102877553772159,0.789220693934101,,,
1947.0,1385.0,3375.0,3507.0,3690.667,3997.333,69.5,,4667.0,0.0192224898493691,0.791312426642186,0.8479573240429336,0.8340078947636045,,,
2702.625,2297.333,6105.714,5521.333,5600.5,5915.0,76.0,,4668.0,0.0263078365018188,0.8209020000891443,0.8851535275071298,0.8682158660113245,,,
1108.0,1072.0,2942.0,2750.0,2736.0,2496.0,80.4,,4669.0,0.0459730646786913,0.8795781332119149,0.9417061722704761,0.9268663174489226,,,
2286.0,2109.5,4452.0,4114.0,3968.0,4438.0,34.8,,4670.0,0.0095059039054865,0.6904938851906474,0.7501081048323393,0.7340572186134011,,,
2125.333,1963.0,4144.667,3804.0,3713.333,4088.533,81.8,,4671.0,0.0096015368076471,0.6894201702658176,0.7489463878039891,0.7329637902232224,,,
2320.333,2141.167,4560.0,4092.167,3875.0,4793.667,80.5,,4672.0,0.0096257927964016,0.6904686226612441,0.7537585485544696,0.7356313508078558,,,
2412.75,2363.5,4174.667,3686.0,3690.667,4128.0,50.0,,4673.0,0.0043326904074773,0.5801957107355328,0.6372601795469974,0.6212701866923401,,,
2306.5,1958.5,4324.0,4124.0,4194.5,4822.0,82.7,,4674.0,0.0109161567023126,0.7283248153933177,0.7887559858813318,0.7724204397688463,,,
2590.667,1950.25,4682.0,4174.0,4238.667,4960.0,15.7,,4675.0,0.0102315996662533,0.7254517067993675,0.7877020515313612,0.7703687717679635,,,
3293.25,2994.333,1508.0,2007.714,2380.167,2714.75,90.0,,4676.0,0.1758666672313772,0.1421623610229087,0.1569416552704661,0.15380113275284368,,,
2255.542,2164.5,6931.0,6489.333,6560.0,6944.0,21.0,,4677.0,0.0669014177694353,0.9993305967964252,1.0701512292007713,1.0516681650970723,,,
2442.5,2254.0,6211.0,5790.4,5912.0,6242.0,81.0,,4678.0,0.0393390050685265,0.8832639945141277,0.949522453636311,0.9322000744804706,,,
2502.0,2064.333,7316.0,6882.667,6953.333,7116.0,56.0,,4679.0,0.0701662610548175,1.0268394923749202,1.0963398428449458,1.0787872368964773,,,
1741.0,1497.0,3892.0,3816.0,3735.2,4938.667,19.6,,4680.0,0.0360926296357139,0.8647838398470792,0.9334189012800214,0.9139080688425183,,,
3351.667,3036.8,2518.0,2902.286,3240.0,3348.0,98.0,,4688.0,0.0634168096241709,0.26885588157173634,0.29604665865810004,0.2900934104562138,,,
2576.308,1778.0,833.909,1192.0,1316.75,3417.778,42.6,,4707.0,0.2765030021361795,0.2899872848449014,0.32411088473916977,0.3090296692141856,,,
3021.5,2640.333,3124.0,3484.0,3620.0,4208.0,40.8,,4723.0,0.0124974825008578,0.42600447217013104,0.4663396802892389,0.45609179576956554,,,
2673.25,2131.857,1053.4,1443.143,1632.5,2786.5,12.7,,4724.0,0.1964568927386435,0.18592435221545522,0.2096803595366711,0.20102003672197344,,,
2222.111,1742.875,3416.0,3364.0,3498.0,3936.0,20.0,,4725.0,0.0028679380684655,0.6486578352500705,0.703003722710471,0.688735797056474,,,
2466.087,1866.182,4392.0,3913.333,3812.0,4124.0,10.0,,4726.0,0.0098135737864629,0.6969690346749673,0.755555031574093,0.7400397802974994,,,
2450.0,2287.4,1187.75,1432.5,1745.2,2069.5,16.6,,4727.0,0.1760326795106684,0.1335355660625645,0.1521657947051633,0.1469996795625812,,,
2121.75,1811.0,4488.333,3967.0,3808.0,4586.667,21.0,,4728.0,0.0174747305696552,0.7649912758592101,0.8309105255634073,0.8122894044951792,,,
2253.333,1456.444,1780.0,1767.0,1803.0,4112.0,20.0,,4729.0,0.0906441926865934,0.4898624558059548,0.5485901855525387,0.5266281009915037,,,
2511.5,1889.5,6446.0,6062.0,6017.0,6063.25,11.2,,4730.0,0.0547608405391901,0.9685114493874617,1.034490662976432,1.0181712445728057,,,
2442.375,2286.667,6168.0,5649.0,5657.0,6154.0,58.0,,4731.0,0.0355564509732684,0.8625448978005534,0.9295165323271701,0.911613524818087,,,
2491.0,2186.0,4306.0,3996.0,3956.0,5308.0,13.6,,4732.0,0.0071545455032084,0.6634886732442452,0.7262012190945879,0.7076074886456049,,,
2284.333,2149.167,4815.0,4399.0,4413.0,4830.4,47.3,,4733.0,0.0150551979884507,0.7372771709866817,0.7993416800098857,0.782599812430764,,,
1560.5,1386.5,3137.5,2961.5,2892.0,3909.5,86.6,,4734.0,0.0194660720818412,0.7637789245549536,0.8305534412686386,0.8109760267439625,,,
2580.5,1956.75,4833.333,4222.0,4327.0,4905.0,11.2,,4735.0,0.0120779211681507,0.7363191576626249,0.7991757285082014,0.781774794046209,,,
2063.4,1653.0,3817.333,3537.333,3671.333,4446.25,11.0,,4736.0,0.012678088174824,0.7423211464563447,0.8054920197265806,0.7877175100584333,,,
1866.0,1535.0,3250.0,3109.25,3109.0,3881.333,87.2,,4737.0,0.008034047305953,0.7001153145254082,0.760918003893673,0.7438170614331316,,,
2227.667,2280.0,3728.0,3484.0,3486.0,3740.0,18.4,,4738.0,0.0046447298404116,0.5612236569240346,0.6144761369738323,0.6002434272884793,,,
1643.667,1620.0,3914.4,3926.0,3804.0,3904.0,20.0,,4739.0,0.031603113262461,0.8290905527359722,0.8894648946825439,0.8746474113655323,,,
2330.778,1955.9,6197.0,5951.333,6089.0,6296.429,35.0,,4740.0,0.0553538458385621,0.9663640712230772,1.0332356798972888,1.0163587900986035,,,
2100.0,1763.0,6227.0,5686.0,5858.0,6053.5,89.5,,4741.0,0.069224957423614,1.0214327312705316,1.0925710585954849,1.0741404807037829,,,
1793.0,1697.55,4427.0,4326.5,4461.667,4810.5,11.4,,4742.0,0.0387331002814302,0.8787116376529911,0.9436855861992761,0.9268163372432905,,,
1988.0,1576.0,4589.5,4320.4,4408.0,5276.667,18.4,,4743.0,0.0389229330904316,0.8980729913091805,0.9666458153531865,0.9477867661747033,,,
1446.333,1376.0,6180.0,5666.857,5675.0,5983.429,95.4,,4744.0,0.1310500359488689,1.225729427213698,1.3052271173311436,1.2844535831205472,,,
1526.0,1282.0,2731.0,2678.0,2660.333,3364.0,61.0,,4745.0,0.0110230174594474,0.7208768283934548,0.7821386726238855,0.7649744975176209,,,
1734.75,1762.5,6715.0,6500.5,6447.0,6523.0,89.8,,4746.0,0.1096734803030778,1.146694040864363,1.2203098226596327,1.2018861886425405,,,
1958.5,1806.0,4822.667,4502.0,4656.0,5116.0,69.5,,4747.0,0.0359866827710021,0.8691285279476813,0.9359528671379111,0.9180588087224946,,,
1736.0,1546.5,4220.0,3896.0,3944.0,4490.0,26.1,,4748.0,0.0347823100038087,0.8678208421368654,0.9355698609465966,0.9171242492330747,,,
1517.8,1416.0,5278.0,4820.0,4832.0,4719.5,21.5,,4749.0,0.0894185846713718,1.0796664109161036,1.1519843559976066,1.1337561781925252,,,
1689.083,1618.5,4306.0,4117.0,4240.0,4444.0,33.0,,4750.0,0.0401315685298765,0.8824459662779587,0.9477836517793357,0.9309020859143569,,,
1634.5,1498.25,3684.0,3280.0,3170.714,3373.0,96.8,,4751.0,0.0217550184464042,0.7717272255017928,0.8350329519793306,0.8181855745310849,,,
1795.0,1829.0,6510.0,6128.75,6148.0,6405.75,12.7,,4752.0,0.0934148157095523,1.0910699051100783,1.1649155830538396,1.1458261260685365,,,
1543.0,1554.0,5786.0,5356.0,5272.0,5308.0,87.7,,4753.0,0.0981415476724291,1.1050774375003942,1.1789765931943845,1.1601412869205485,,,
1757.0,1678.75,3459.333,3304.0,3250.0,3672.0,80.7,,4754.0,0.0104572542589917,0.7032874206094759,0.7629134962103852,0.7469127899730998,,,
2028.2,1694.0,4742.0,4375.0,4218.75,4573.667,86.3,,4755.0,0.0313819883178925,0.8510344845225282,0.9158578405406581,0.8989047357002122,,,
2205.0,1921.833,6060.0,5789.333,5670.667,5849.917,83.7,,4756.0,0.0554503583652366,0.960537294194018,1.0273157113616467,1.0105445333975422,,,
1633.0,1619.0,5515.0,5335.2,5285.333,5272.0,99.6,,4757.0,0.0842918369538558,1.058016142937353,1.1279714022234049,1.1106317963431076,,,
1987.0,1836.333,5057.0,4972.0,4908.0,5353.5,91.1,,4758.0,0.0428476779091079,0.9024583801465149,0.9678869736105324,0.9510436767631406,,,
1820.0,1644.8,5856.667,5479.5,5349.25,5917.0,25.1,,4759.0,0.0785276290796218,1.0524651345839684,1.1257630467401265,1.1064220981585238,,,
2266.55,1958.714,4285.333,4176.667,4248.0,4760.0,71.0,,4760.0,0.0118961347876365,0.7337171078173239,0.792991134084607,0.7773527377641463,,,
1982.078,1981.726,3420.0,3175.5,3020.0,3368.0,93.3,,4761.0,0.0050679049373565,0.5794179854148902,0.6341821744949976,0.6193686531994971,,,
2512.0,2004.667,4768.0,4516.0,4448.0,4766.667,38.0,,4762.0,0.0133477615702044,0.7440443201846871,0.8026845109177235,0.7876413376156849,,,
2452.0,1872.0,5260.0,5008.0,5137.333,5734.0,42.3,,4763.0,0.0305017845158658,0.8612879839319141,0.9257060464940255,0.9087459017519162,,,
1664.3,1518.667,3408.75,3262.667,3224.0,3822.0,34.6,,4764.0,0.0159799851083776,0.7559122371900011,0.8186613895211976,0.8014594894323149,,,
2095.25,2028.0,5011.75,4546.769,4668.0,5290.667,98.7,,4765.0,0.0277224552997929,0.8175737295690944,0.8846772802001501,0.8661209828446774,,,
2470.25,1649.2,8525.333,8070.0,8421.667,8285.5,100.0,,4766.0,0.1267284692525959,1.2408668601977402,1.315186393346615,1.2970534858382556,,,
1389.929,1453.938,6842.222,6301.857,6560.0,6673.714,95.5,,4767.0,0.1572588604678584,1.2957877730336642,1.3773313934452076,1.3561837776309995,,,
2221.2,1704.5,3306.0,3022.0,2926.667,4283.25,80.0,,4768.0,0.0073587469649185,0.6234744162420316,0.6854067771375729,0.6663644908238824,,,
2592.125,2130.125,5254.0,5104.0,4940.0,5250.0,43.5,,4769.0,0.0191758230491654,0.7823734140054153,0.8415332881116331,0.8266754231460149,,,
1486.667,1233.0,2841.0,2616.0,2456.667,3524.0,13.2,,4770.0,0.0175897160241374,0.7458150852774411,0.8133270103752358,0.7930428828465234,,,
1998.5,1650.667,8284.0,7871.667,7999.333,7845.667,76.4,,4771.0,0.1439660772755414,1.27767304840944,1.3543730374357836,1.3355171966583985,,,
1502.667,1335.5,3090.0,3114.0,2925.0,3596.0,48.8,,4772.0,0.0201569376250975,0.7847886640673103,0.846997223204984,0.830235663728161,,,
1190.75,846.0,1619.0,1570.714,1372.0,2414.75,20.5,,4773.0,0.0203761864037353,0.6324914349399662,0.6953314565642383,0.675200109943334,,,
2411.75,1777.333,4986.0,4700.0,4722.667,5082.0,11.1,,4774.0,0.0261861579093973,0.8372729898506303,0.89961877929544,0.8835934110205919,,,
1494.0,1216.125,3161.667,2851.0,2757.667,3346.0,18.7,,4775.0,0.0207955340043868,0.7959406564530809,0.8622117322055243,0.8436345228691879,,,
1860.333,1394.25,3001.333,2920.0,2906.667,4464.0,95.0,,4776.0,0.0223572002879611,0.7319882698783159,0.7979195959143024,0.7776556227419125,,,
1552.833,1440.75,3464.0,3316.0,3305.0,4038.0,40.0,,4777.0,0.026019033862132,0.8133590931772953,0.8795433655923579,0.8610976719093744,,,
2478.833,2385.444,3608.0,3323.0,3350.6,3802.0,80.0,,4778.0,0.0038452668745486,0.5000512659764507,0.5516566344836095,0.5372887331563065,,,
1709.0,1683.0,4672.0,4322.667,4140.0,4216.0,40.0,,4779.0,0.0442855141830095,0.8858190311798178,0.9515309896951736,0.9347591524544581,,,
1650.0,1678.5,4654.0,4336.0,4181.0,4388.0,56.0,,4780.0,0.0470176884241937,0.9006633056997828,0.9678061792381655,0.9503769997055713,,,
1675.5,1685.667,4558.667,4320.8,4144.0,4242.0,58.0,,4781.0,0.0439380668146873,0.8847590649467022,0.949725993326689,0.9332788249506839,,,
2673.0,2167.0,4957.0,5152.0,5360.5,5469.5,19.0,,4888.0,0.0180565445575602,0.7734953978005097,0.8288605010926418,0.8156823395940684,,,
2630.375,2356.2,4393.0,4365.5,4492.25,4762.0,20.3,,4889.0,0.0042243398544522,0.6438692408377547,0.6972749261254949,0.6837287807884939,,,
1297.6,1259.571,4466.0,4408.0,4452.0,4655.75,89.8,,4890.0,0.0937437582722588,1.0985979834159723,1.1704438352060837,1.152297262911341,,,
2374.667,2091.25,3688.0,3452.0,3348.0,4554.0,45.6,,4892.0,0.0032156729954586,0.5938777471296404,0.6531205670585869,0.6354557559985969,,,
2604.0,2184.333,2442.0,2496.0,2356.0,3729.6,58.5,,4893.0,0.0324491200530869,0.3740334925886317,0.42059214312140947,0.4056652030697281,,,
2574.333,1639.75,2214.0,2293.0,1882.0,4256.0,44.5,,4894.0,0.0657062306817247,0.4815253172338122,0.5367371370587183,0.5171418262309334,,,
1969.333,1058.0,949.0,1129.333,917.5,4113.0,35.1,,4895.0,0.3083454132227604,0.6007746385705113,0.6640111159894985,0.6362152325649582,,,
1409.5,1423.286,6303.0,5976.5,5990.167,6301.333,81.1,,4896.0,0.1401532520808596,1.24870185012002,1.3278299730355008,1.30740685397301,,,
2742.5,2246.15,1071.778,1274.143,1465.625,3116.4,12.5,,4897.0,0.2400943978377148,0.18481487727212328,0.21625174064531844,0.20274824042829526,,,
3955.333,3182.5,668.611,1127.067,2536.278,2973.292,1.123,,4900.0,0.4625012589572132,0.151868203269534,0.15394046034667175,0.15255318912140844,,,
3955.333,3182.5,668.054,1110.235,2569.766,3035.684,8.126,,4903.0,0.4636146569586339,0.15715962104344078,0.16018734461082312,0.15832629219770133,,,
3764.444,3039.233,738.781,1117.652,2138.0,2557.707,42.731,,4904.0,0.4396498622149073,0.1123055789859895,0.11449801713267363,0.11311435728834007,,,
3476.667,2848.667,669.591,1044.286,2002.438,2567.8,1.266,,4905.0,0.4377601117651932,0.12159899009305968,0.125831648410883,0.12335748479112275,,,
3281.6,2625.45,666.143,1054.471,1938.364,2521.75,5.437,,4906.0,0.4053998992805901,0.13206079903841283,0.13772181807311157,0.1349926707249422,,,
3626.429,2828.25,735.667,1111.263,2142.786,2780.909,1.53,,4908.0,0.4084973611559749,0.13844616512359048,0.14522921041516473,0.1419275621619525,,,
1777.5,1137.5,4818.0,4352.0,4336.0,4766.0,10.0,,4909.0,0.074639547898945,1.064507025279684,1.1369320991194682,1.1179705677464584,,,
204.667,185.5,479.286,283.25,222.75,229.2,1.25,,4912.0,0.0962470515682812,0.666239924803556,0.7374808884509785,0.7155933788645525,,,
204.667,185.5,479.286,283.25,222.75,229.2,1.03,,4913.0,0.0962470515682812,0.666239924803556,0.7374808884509785,0.7155933788645525,,,
204.667,185.5,479.286,283.25,222.75,229.2,1.52,,4914.0,0.0962470515682812,0.666239924803556,0.7374808884509785,0.7155933788645525,,,
4177.0,2929.1,788.364,1245.3,2139.929,2660.0,1.54,,4915.0,0.430446428934288,0.1305885566500598,0.1310865671114918,0.1306547587820287,,,
402.5,363.833,677.4,541.667,544.5,448.833,2.1,,4918.0,0.0327670647653694,0.5503356206395882,0.6006590883000571,0.5882612223869284,,,
402.5,363.833,677.4,541.667,544.5,448.833,2.1,,4919.0,0.0327670647653694,0.5503356206395882,0.6006590883000571,0.5882612223869284,,,
4513.25,3646.0,633.325,1062.333,2174.044,2912.0,2.23,,4920.0,0.5743321952811902,0.11758865850195882,0.11510768805458223,0.11409265269829424,,,
4513.25,3646.0,633.325,1062.333,2174.044,2912.0,2.23,,4921.0,0.5743321952811902,0.11758865850195882,0.11510768805458223,0.11409265269829424,,,
3498.0,2416.0,874.5,1193.143,1626.333,2644.5,1.7,,4923.0,0.3487116249879808,0.13872210169765342,0.15105164104526464,0.14546044114507561,,,
3656.0,2579.0,955.091,1205.333,1634.0,2656.133,95.3,,4924.0,0.3557974593852173,0.12320328841241326,0.13623636619972032,0.13015693390583305,,,
3656.0,2579.0,955.091,1205.333,1634.0,2656.133,19.3,,4925.0,0.3557974593852173,0.12320328841241326,0.13623636619972032,0.13015693390583305,,,
3656.0,2579.0,955.091,1205.333,1634.0,2656.133,91.2,,4926.0,0.3557974593852173,0.12320328841241326,0.13623636619972032,0.13015693390583305,,,
1293.0,747.6,2685.5,2371.333,2366.0,2977.5,25.0,,4936.0,0.0435520396793823,0.928550739592824,0.9991995968447189,0.9793227133226152,,,
339.0,328.0,667.333,602.2,422.667,483.167,2.0,,4939.0,0.0356464637041669,0.6258396973094004,0.6807553325090334,0.6665495463070683,,,
2877.0,1997.714,830.333,1077.667,1370.0,3557.0,64.0,,4946.0,0.3298158740798077,0.2619025043427319,0.29541251420146175,0.2796047669856271,,,
2208.769,1654.333,697.75,964.909,1079.727,4016.0,25.0,,4947.0,0.378332901279112,0.4070458264827734,0.455193310965456,0.4321786039363307,,,
2250.75,1637.5,1437.0,1722.0,1818.0,3513.5,27.0,,4948.0,0.0918161428027889,0.3788075352263939,0.42309531589878263,0.4073971507268055,,,
2082.917,1475.0,627.75,829.1,917.25,3291.8,27.0,,4950.0,0.3752128862449471,0.35964891053488024,0.4039042235533535,0.3825007820867832,,,
1582.75,1165.375,1984.167,1961.0,2082.0,3164.8,27.0,,4951.0,0.0160867643716331,0.603969057406081,0.66313141423692,0.6446511434507995,,,
1973.5,2004.5,7202.0,6640.0,6509.0,6458.0,19.0,,4954.0,0.0917066892062848,1.078480769249823,1.1512366723048226,1.132794750672378,,,
2033.667,1357.167,923.286,1045.333,1246.0,3359.0,27.3,,4955.0,0.2213589521094165,0.39015172990886515,0.43988969852028525,0.4187278804557232,,,
2404.1,2126.4,2218.0,2138.5,2035.0,2776.0,51.4,,4956.0,0.0440636430416648,0.30575480334432886,0.3469608103198135,0.33435243169183393,,,
2286.5,1773.667,5430.667,5312.0,5537.5,5912.0,41.0,,4957.0,0.046781790658219,0.9371610537759063,1.0025105703998507,0.9859019767947159,,,
1968.6,1417.5,1052.0,1190.75,1388.0,3550.0,27.3,,4958.0,0.1816690673502064,0.40892255950866363,0.4611214655409633,0.4396943448086902,,,
2324.333,1711.0,4874.0,4486.0,4324.0,4874.0,19.2,,4959.0,0.0255236592115635,0.8315243845119249,0.8955295470756834,0.8785802801712577,,,
2313.25,1881.75,7504.0,7328.0,7440.0,7098.0,33.0,,4960.0,0.0963594871694547,1.1198523544474828,1.1890124753921663,1.1725981075862508,,,
2078.545,1328.75,1859.556,1919.25,1896.667,4547.0,9.4,,4962.0,0.0941996111091212,0.5911277602215745,0.6552566046424625,0.6315460258402378,,,
2575.667,2191.964,4176.0,4072.0,3790.667,4432.0,90.2,,4964.0,0.0026464407820529,0.6232723343976803,0.6777160168639716,0.6632749213525234,,,
4884.0,4146.0,1119.68,1752.148,2916.667,3566.0,16.5,,4989.0,0.3778809948161872,0.10669681231566662,0.11083643488708386,0.10929588027303415,,,
2579.0,2046.333,1896.8,2017.333,2094.0,3038.0,25.0,,4992.0,0.0597625076980385,0.29661471456577754,0.3344114686316041,0.3225960202092466,,,
2364.5,1889.5,1306.0,1564.0,1710.0,2125.0,18.0,,5003.0,0.1158484079372067,0.2047575889971722,0.22807165373222166,0.22195820981590747,,,
1615.25,1045.5,679.375,930.333,1145.1,2527.5,1.4,,5006.0,0.1908323470734131,0.3891952527890125,0.43021782764992234,0.4140817981583311,,,
2082.4,1842.5,4812.0,4686.0,4888.0,5276.0,21.0,,5008.0,0.0337865797376609,0.8625182805778351,0.9265542000624892,0.9099358658985384,,,
533.0,510.833,898.25,879.833,603.0,604.0,1.0,,5021.0,0.0466363301392249,0.5579592064792719,0.6020488421450434,0.5925468401928071,,,
467.5,306.0,1320.571,1802.0,2001.333,1032.0,17.4,,5025.0,0.2009751910899468,1.3088730244885147,1.3495412371995616,1.3494331418481784,,,
3493.0,2586.5,6812.0,6554.0,6569.333,7082.0,24.1,,5027.0,0.0206531558267234,0.8045307343616859,0.8647312592639802,0.8494136509121334,,,
2031.857,2035.5,7464.0,7268.0,7138.667,6805.333,34.5,,5028.0,0.1009601331130493,1.1118064205558866,1.1820842023526277,1.1651980338953982,,,
1619.8,1685.6,8988.0,8992.0,9180.0,8682.0,25.5,,5029.0,0.1979252922044573,1.4125713140979483,1.4918223152017833,1.4728923693608373,,,
1745.0,1729.0,8808.0,8287.0,8416.0,7900.0,93.0,,5030.0,0.1700429943837766,1.3350516111572688,1.4140908585624583,1.3947564143448203,,,
1821.875,1827.667,7458.333,7000.667,7127.0,6819.333,82.2,,5031.0,0.1206370540115229,1.1802407684684424,1.2549019208502477,1.2364064919889373,,,
2192.333,2262.6,6166.0,6018.0,6100.0,6054.0,90.4,,5032.0,0.051943100256365,0.9211012927777955,0.9859930775651885,0.969900237410916,,,
2017.833,2031.0,7266.667,7260.0,7488.0,7478.4,16.0,,5033.0,0.1027242904382654,1.1229730576372847,1.1942395210282666,1.1766931513161716,,,
2523.286,2475.667,8672.0,8281.333,8230.875,7842.0,85.0,,5034.0,0.0878610730847399,1.0667712339145923,1.1362592604983184,1.1193701940030467,,,
2523.286,2475.667,8672.0,8281.333,8230.875,7842.0,15.0,,5035.0,0.0878610730847399,1.0667712339145923,1.1362592604983184,1.1193701940030467,,,
2411.5,1993.0,2872.0,2772.5,2849.5,3203.0,36.1,,5036.0,0.0064731943929,0.46164991878440786,0.5075918542762771,0.4953131018677521,,,
2454.333,2057.5,2854.0,2779.0,2723.0,3464.0,32.9,,5037.0,0.0079671291895189,0.44857463852565627,0.4964275871177366,0.4827280154160085,,,
1947.5,1773.0,3820.0,3587.333,3534.0,4087.0,75.8,,5038.0,0.0108140633998961,0.71578653177805,0.7768385596231724,0.7601753983669237,,,
2366.0,2114.5,7720.0,7490.667,7452.0,7170.0,100.0,,5039.0,0.0871997915648815,1.0772085797292568,1.1459475568038808,1.1294309980386044,,,
1634.25,1546.25,6294.0,5964.0,6091.5,6267.0,25.0,,5040.0,0.1143358348533717,1.1716427827071096,1.2472471070831597,1.227943998092846,,,
2951.0,2536.5,5628.0,5309.0,5111.5,5711.667,96.37,,5046.0,0.0103462407550237,0.7137034140876825,0.77282267824752,0.7571951383004452,,,
3418.667,2871.5,6744.0,6220.0,5992.0,6332.0,88.3,,5047.0,0.0141298929974631,0.7315971370433573,0.7906891948533934,0.7754346026799597,,,
2798.75,2321.75,5452.0,5320.0,5126.0,5572.0,87.43,,5048.0,0.014919440419911,0.7547091032382972,0.813175355028084,0.7983165645169636,,,
2884.0,2475.2,5974.0,5656.0,5416.0,5790.0,87.06,,5049.0,0.0180508534525543,0.766020493112344,0.8260115123115976,0.8106356105743056,,,
2923.0,2459.167,4824.0,4772.0,4680.0,5780.0,75.5,,5050.0,0.0046299155510125,0.6643522196067057,0.7219920826789175,0.7061208864706487,,,
2832.0,2188.5,5914.667,5908.0,5540.0,5776.0,59.26,,5051.0,0.0273302763693713,0.8319720390621538,0.8906573408788634,0.8765619123793985,,,
3149.5,2800.5,4828.5,4627.0,4832.0,4934.0,44.12,,5052.0,0.0026083213141431,0.5772055546940192,0.6278839849625614,0.6150449471417793,,,
2592.0,2094.667,6368.0,6058.0,6031.667,5933.333,38.17,,5053.0,0.0443253581417864,0.9123997657253484,0.9756687331175189,0.9602559605487812,,,
3018.75,2683.333,4560.0,4661.0,4465.0,5337.333,35.17,,5054.0,0.0009501278344541,0.5904491398137306,0.6428026347541961,0.6288768222741463,,,
3406.0,3054.5,6312.0,6065.0,5928.0,6299.0,33.97,,5055.0,0.0085510284472472,0.6845365572851212,0.7407735761056041,0.7263943564273797,,,
3090.0,2555.0,5207.0,5252.0,5104.0,5457.5,32.28,,5056.0,0.0062233271070098,0.6756063603352288,0.7288293267703261,0.7157103269165483,,,
3214.5,2667.0,4700.0,4625.0,4636.0,4896.0,30.97,,5057.0,0.0017513874649464,0.5794223900947338,0.6290293569748762,0.6166203214532999,,,
2563.558,1773.25,5065.0,4831.0,4972.0,5828.5,30.53,,5058.0,0.0284635571229168,0.853806350739758,0.9182790422462217,0.9009633360946601,,,
3286.833,2702.0,7009.0,6836.0,6822.0,6728.0,26.77,,5059.0,0.0267019165494145,0.8197753331469326,0.8785131876514298,0.8644051070433021,,,
3169.333,2708.7,4862.0,4682.0,4517.667,4748.5,26.46,,5060.0,0.0035865369818977,0.5803666276269492,0.6307043803308816,0.6180648569395749,,,
2867.5,2413.333,5034.667,4530.667,4524.0,5324.0,24.42,,5061.0,0.0048322420587044,0.6618138020937223,0.7218928378758458,0.7050423267320831,,,
3290.4,2898.0,5960.0,5656.0,5568.0,6093.333,23.09,,5062.0,0.006735061786722,0.6756470559959304,0.732669558141217,0.7177083096962034,,,
3580.0,3156.0,4468.0,4232.0,4308.0,4822.0,22.96,,5063.0,0.0071923286853497,0.4544596107285258,0.5012714501106927,0.488591931826791,,,
3580.0,3156.0,4468.0,4232.0,4308.0,4822.0,22.05,,5064.0,0.0071923286853497,0.4544596107285258,0.5012714501106927,0.488591931826791,,,
2923.25,2474.0,5572.0,5116.0,4774.667,5260.0,21.76,,5065.0,0.0109667831672919,0.7006742844398473,0.7594776578118486,0.7439715611419053,,,
2581.0,2266.0,5576.0,5648.0,5712.0,6012.0,21.55,,5066.0,0.0273394810986822,0.8273721645293528,0.8873642108438633,0.8724865790902183,,,
3580.0,3156.0,4468.0,4232.0,4308.0,4822.0,20.79,,5067.0,0.0071923286853497,0.4544596107285258,0.5012714501106927,0.488591931826791,,,
3100.25,2445.667,5319.0,5258.0,5308.0,5466.0,20.23,,5068.0,0.0088532549099171,0.7032330039402106,0.7573291978421303,0.7441123924635882,,,
3253.333,2643.25,4904.0,4806.0,4868.0,4876.0,20.22,,5069.0,0.0038336275371493,0.6034686096707985,0.6528249320141348,0.6409358520814741,,,
3340.5,2970.875,2380.0,2491.5,2707.0,3432.0,18.87,,5070.0,0.0804912909296008,0.2313974769208436,0.2636707409431292,0.25408280727744254,,,
2572.333,1836.0,6148.0,5864.0,6312.0,6640.0,18.46,,5071.0,0.0536177397220144,0.9715842755413311,1.0384135251969604,1.0213600031365306,,,
3125.5,2594.875,4570.0,4409.0,4495.5,5201.0,18.12,,5072.0,0.0001500394201298,0.5834822392135004,0.6366566247350198,0.6222519415338157,,,
2775.25,2008.333,4738.0,4502.0,4490.0,4808.75,17.29,,5073.0,0.0097801585745195,0.7184318698528893,0.7748973601900572,0.7605480627249597,,,
3125.5,2594.875,4570.0,4409.0,4495.5,5201.0,16.92,,5074.0,0.0001500394201298,0.5834822392135004,0.6366566247350198,0.6222519415338157,,,
2862.0,2485.0,6254.667,5748.0,5808.0,6180.0,14.82,,5075.0,0.022220596408884,0.796269479324641,0.8591877274506458,0.842642009549603,,,
3154.0,2387.4,4604.0,4574.0,4364.0,5020.0,14.74,,5076.0,0.0017904295326041,0.6154558830748881,0.6673371456004831,0.6539476156710318,,,
2929.0,2282.5,6312.0,5902.667,5888.0,5788.0,12.89,,5077.0,0.0285521916197806,0.830322652674369,0.8906735149568641,0.8758934962028058,,,
3028.333,2649.375,4431.0,4270.0,4468.0,4680.0,12.88,,5078.0,0.0015790111929582,0.5594216513811117,0.6095385425642434,0.5966694738336765,,,
3112.75,2491.625,4847.25,4589.667,4674.667,5126.0,12.58,,5079.0,0.0020117838618476,0.6238863587131496,0.6779305502493522,0.6637217756051692,,,
3182.75,2708.6,4426.0,4336.0,4445.0,4880.0,12.55,,5080.0,0.0007426173186549,0.5452330333769141,0.594810129713433,0.5818867717325771,,,
3251.444,2824.333,2974.0,3297.0,3558.0,4012.0,11.99,,5081.0,0.0256884348729215,0.3652240492436166,0.4016188626607742,0.392479504878806,,,
2576.333,2383.0,5729.5,5532.5,5432.0,5580.0,11.94,,5082.0,0.0240325423532413,0.7943743807668115,0.8545285176765448,0.8394634058519426,,,
2637.5,2405.5,5675.75,5295.25,5388.0,5636.0,11.94,,5083.0,0.0196027386642749,0.772370470402319,0.8336865541367053,0.8177448423183304,,,
2576.0,2254.667,6566.667,6168.0,6106.0,6224.333,11.81,,5084.0,0.0426569903221796,0.9001912159874662,0.9651513098835738,0.9487547960923871,,,
2703.25,1874.0,4168.0,3836.0,3760.0,4680.0,11.76,,5085.0,0.0054013266462635,0.668296155303128,0.7270567762377353,0.7105630740085258,,,
2977.0,2254.5,5158.0,5244.5,5029.0,5431.25,11.43,,5086.0,0.0111551541174483,0.7309194231994057,0.785570655926451,0.7722490913771872,,,
2949.125,2465.5,3372.0,3436.0,3522.0,5519.867,11.38,,5087.0,0.017529160291583,0.5075397160860937,0.5624823231003547,0.5449943482657862,,,
2740.0,2386.667,4908.0,4636.0,4720.0,5172.0,10.95,,5088.0,0.0063573906497369,0.6788221005831421,0.7363769729616435,0.7211231894662395,,,
3580.0,3156.0,4468.0,4232.0,4308.0,4822.0,10.85,,5089.0,0.0071923286853497,0.4544596107285258,0.5012714501106927,0.488591931826791,,,
2303.5,2081.5,4267.667,4185.667,4348.0,4743.0,10.56,,5090.0,0.0097722417167001,0.7075373906705418,0.7652628472551044,0.7501858394351897,,,
3264.607,2603.5,2949.0,3258.667,3468.0,4028.0,10.38,,5091.0,0.022293482140921,0.3879841842766955,0.42542644580861033,0.41591842207596796,,,
2890.5,2376.25,4985.8,4777.167,4914.0,5312.0,10.34,,5092.0,0.006287029661965,0.6850074858686964,0.7414228219282566,0.7267589001244941,,,
2666.0,2063.5,5058.0,4876.0,4948.0,5292.0,9.81,,5093.0,0.016036967791268,0.7709318199664484,0.8299206023362254,0.8148938430284444,,,
3010.25,2762.667,5400.0,5222.667,5194.667,5418.0,9.77,,5094.0,0.0068290648593265,0.6592261858050248,0.7139157411264236,0.7000609145990029,,,
2736.2,2353.333,5426.4,5366.0,5404.0,5465.75,9.67,,5095.0,0.0174674974824865,0.7621948292220179,0.8191520702581894,0.80526680533164,,,
2742.333,2125.667,4810.0,4668.0,4776.0,5180.0,9.66,,5096.0,0.0098567554391655,0.7245691639332104,0.7817202995330057,0.7670505239070322,,,
3408.333,3028.333,5592.0,4922.0,4513.5,4594.0,9.16,,5097.0,0.013176340034685,0.5626732414726368,0.6146503347839933,0.6012207194766653,,,
3311.333,2897.5,5318.0,5474.0,5394.0,5782.0,8.75,,5098.0,0.0035495577302779,0.6342576022645003,0.6855394998841446,0.6729119322424454,,,
2412.167,1805.6,5892.0,5635.0,5701.0,6024.0,8.66,,5099.0,0.0494817068903184,0.9521312188313833,1.0181882737523527,1.0014724489373228,,,
3026.0,2632.5,5428.0,5252.0,5116.0,5537.0,8.57,,5100.0,0.007092277626256,0.6792317914002114,0.7351322977507784,0.7207822923832741,,,
3187.0,2851.25,4677.333,4516.0,4376.0,4849.0,8.35,,5101.0,0.0021341009668932,0.541111341155468,0.5913296010595943,0.5781665219537077,,,
2738.667,2387.0,4165.333,4122.0,4262.0,4924.0,7.65,,5102.0,0.0010407858204171,0.6034490714387613,0.657213966854747,0.6427350388978368,,,
3046.667,2486.667,5028.0,4892.0,4876.0,5208.0,7.61,,5103.0,0.0045476645436552,0.6573643861166157,0.7112425769588675,0.6975936932886448,,,
2642.0,1958.5,4686.0,4508.0,4138.0,5032.0,6.77,,5104.0,0.0111306804845632,0.7325454346488104,0.792107490177347,0.7761251698020406,,,
3322.0,2866.5,4856.0,4900.0,4513.0,5192.0,6.58,,5105.0,0.0017115688118749,0.5634018034406272,0.6131921373660537,0.6003904484735387,,,
3392.0,2998.333,5940.0,5911.667,5904.0,6212.0,6.56,,5106.0,0.0067223535789291,0.6727398238781129,0.7268169971087244,0.7133180527918982,,,
2129.857,1899.5,3620.0,3544.0,3480.0,4036.0,6.26,,5107.0,0.0036818711690557,0.6479535410159882,0.7041433370036115,0.6890837763334641,,,
2849.833,2220.75,4015.5,3976.5,3946.0,4247.0,6.23,,5108.0,0.0016264736791104,0.5832602495037202,0.6325508944602082,0.6202331161629986,,,
2657.5,2227.5,4526.0,4452.0,4318.0,5188.0,6.12,,5109.0,0.0053844603380332,0.6773994957335097,0.7349920013639821,0.719409264900593,,,
3177.857,2326.25,2494.5,2665.5,2810.0,3374.0,5.91,,5110.0,0.0417757952859659,0.3360233459944597,0.3707593765093613,0.36160268182243166,,,
3024.0,2578.25,5850.0,5599.75,5560.0,6050.0,5.66,,5111.0,0.0127133416664551,0.7374560733076723,0.7964965488936824,0.7811647423934431,,,
2993.0,2576.0,6036.0,5772.0,5636.0,5911.0,5.63,,5112.0,0.0162680756624723,0.7539943372126683,0.8127287565476502,0.7978659948606146,,,
3051.0,2549.0,4648.0,4460.0,4488.0,5168.0,5.6,,5113.0,0.0006421169581011,0.600651731996517,0.6547168242257941,0.6401236600342852,,,
3089.0,2663.0,5580.0,5286.0,5488.0,5544.0,5.59,,5114.0,0.0087177369551598,0.6874386220399716,0.7431042194794231,0.7290742615587052,,,
2867.5,2413.333,5034.667,4530.667,4524.0,5324.0,5.4,,5115.0,0.0048322420587044,0.6618138020937223,0.7218928378758458,0.7050423267320831,,,
3114.0,2514.75,3783.0,3956.0,3650.0,4236.0,5.32,,5116.0,0.0048201049767672,0.4936665716514247,0.5379817773242299,0.5268756350699303,,,
3094.429,2698.0,5026.0,4924.0,4904.0,5591.2,5.09,,5117.0,0.0022264124725323,0.6297044328801917,0.6844504122643652,0.6699124077702181,,,
3438.0,2889.333,3191.0,3018.0,3143.0,3900.0,4.99,,5118.0,0.0359980095106268,0.32725295312238223,0.36836634173439325,0.35624762501664875,,,
2922.0,2208.0,4080.0,3840.0,3896.0,4124.0,4.77,,5119.0,0.0027504968641132,0.5726588203623989,0.6227521347894152,0.6099451587131689,,,
2783.25,1996.667,5333.667,5058.0,5112.0,5364.0,4.76,,5120.0,0.0202050434405084,0.7990284517941176,0.8585984482070992,0.8435970772060157,,,
3081.0,2348.385,5608.0,5580.0,5424.0,5788.0,4.69,,5121.0,0.0139855040219703,0.75330857909696,0.8096731430813806,0.7957883124109946,,,
2834.5,2388.667,5432.0,5464.0,5316.0,5256.0,4.62,,5122.0,0.0164631868119988,0.7458390147584038,0.8002738829467465,0.787546616666986,,,
3177.857,2326.25,2494.5,2665.5,2810.0,3374.0,4.56,,5123.0,0.0417757952859659,0.3360233459944597,0.3707593765093613,0.36160268182243166,,,
3060.5,2022.667,3800.0,4058.5,4020.0,4552.0,4.47,,5124.0,0.0040408460714051,0.6080747676303014,0.6551557779161612,0.6437785170865414,,,
2974.667,2456.0,5063.667,4808.0,4872.0,5304.0,4.46,,5125.0,0.0049640048921875,0.6677897691650956,0.723888848654303,0.7092125288663134,,,
3253.0,2482.8,2254.0,2374.0,2540.0,3022.0,4.32,,5126.0,0.073525785171692,0.26166570831621566,0.2919204116718745,0.2837944053213023,,,
3067.25,2323.875,5482.5,5122.0,4704.667,5558.0,4.3,,5127.0,0.0099302820266663,0.713460131263286,0.7727730599708126,0.7568558028787385,,,
2746.5,2446.5,4099.0,3911.0,4452.0,4314.0,4.28,,5128.0,0.0038566074194152,0.5747528929251251,0.6246780338905453,0.6121880918472651,,,
2696.667,2034.0,6298.667,6084.0,6076.0,6452.0,4.24,,5129.0,0.0424546160021723,0.9196855440633029,0.9841565465490932,0.9679194932247928,,,
3231.5,2553.0,4464.0,4316.0,4140.0,5004.0,4.13,,5130.0,0.0007827846127478,0.5593764381316743,0.6113255045404016,0.5971529846057491,,,
3444.333,3026.667,3219.5,3222.0,3184.0,3987.0,4.08,,5131.0,0.035253099120765,0.32509183619432236,0.36454746216974093,0.35327719636475763,,,
3121.0,2539.444,1666.0,1748.75,1965.0,2797.5,3.96,,5132.0,0.1487266449111287,0.16894787003063866,0.19651852342343867,0.1872189213662087,,,
2994.6,2350.5,5492.0,5023.0,5222.0,5404.0,3.78,,5133.0,0.0112193428246787,0.7226842575635228,0.7810939903838028,0.7659792405868323,,,
3121.0,2539.444,1666.0,1748.75,1965.0,2797.5,3.74,,5134.0,0.1487266449111287,0.16894787003063866,0.19651852342343867,0.1872189213662087,,,
2712.667,2145.167,6176.0,5848.0,5636.0,5944.0,3.69,,5135.0,0.0331141404763429,0.8644952413065692,0.9275291257407321,0.9116100811846601,,,
2742.333,2125.667,4810.0,4668.0,4776.0,5180.0,3.68,,5136.0,0.0098567554391655,0.7245691639332104,0.7817202995330057,0.7670505239070322,,,
2993.0,2576.0,6036.0,5772.0,5636.0,5911.0,3.49,,5137.0,0.0162680756624723,0.7539943372126683,0.8127287565476502,0.7978659948606146,,,
3272.0,2730.667,4579.667,4358.0,4447.0,4824.0,3.29,,5138.0,0.0014620211433193,0.5427398843988744,0.5927139625870304,0.5796210218513982,,,
3046.0,2391.333,5136.0,5028.0,5035.0,5630.0,3.28,,5139.0,0.0065709904268518,0.6951385317873338,0.7514042394319647,0.7367988359041504,,,
3037.952,2098.917,4948.0,4804.0,4702.0,5316.0,3.28,,5140.0,0.0089096601663857,0.7166692533479779,0.7730202895487459,0.7585021325375207,,,
2987.5,2262.0,5451.2,5305.333,5180.0,5354.333,3.02,,5141.0,0.0141281587197618,0.7464294044466299,0.8024825522032757,0.7887862385270403,,,
3546.571,3084.667,6282.0,5988.0,5956.0,6132.0,3.01,,5142.0,0.0071964126387703,0.6654399662431429,0.7201186958597929,0.7063489217658419,,,
3177.0,2683.5,6359.5,6032.0,6152.0,6516.0,2.93,,5143.0,0.016406777732325,0.7640625665717056,0.8240138214435548,0.8085482540379291,,,
2805.5,2353.667,4976.0,4908.0,4626.0,5012.0,2.91,,5144.0,0.0080494361872063,0.6876845416971882,0.7425719523106235,0.7288104948839764,,,
3066.6,2618.5,5562.25,5326.0,5310.0,5616.0,2.84,,5145.0,0.008332834481925,0.6928692105843252,0.7491911508860342,0.7348091008092675,,,
2770.889,2384.6,4258.0,4196.0,4115.667,4608.0,2.73,,5146.0,0.0011361965042529,0.5968269969834196,0.6490174698720599,0.6354326238511826,,,
2862.4,2441.667,4745.0,4432.5,4376.0,4991.0,2.72,,5147.0,0.002595947342147,0.6291355750300284,0.6854210134228491,0.6701698152236737,,,
2705.25,1879.0,4784.0,4447.5,4364.0,5044.0,2.71,,5148.0,0.0130535332278102,0.752453815928626,0.8128380979936232,0.7966930386616977,,,
2703.0,1945.5,3784.0,3741.0,4064.0,4424.0,2.62,,5149.0,0.0031509592916977,0.6335118546292386,0.6854813367451293,0.6721447048946023,,,
3375.0,2866.0,5942.667,5910.0,5840.0,6040.0,2.62,,5150.0,0.008285878325274,0.6883552988987823,0.7422075997198252,0.7290261035056693,,,
3065.75,2701.5,4734.667,4538.667,4546.333,5110.0,2.6,,5151.0,0.0008795269990017,0.5841816698384873,0.6373504741597649,0.6231428203363125,,,
2820.125,2386.667,6686.667,6277.0,6167.0,6332.0,2.58,,5152.0,0.0344400655467498,0.8626611097228379,0.9260032134625293,0.9100167976672262,,,
3108.0,2771.333,4770.0,4664.0,4784.0,5074.0,2.58,,5153.0,0.001654164578592,0.584158659767731,0.6353158145145305,0.6222222135424457,,,
3155.625,2593.25,2494.0,2680.0,2835.0,3582.0,2.56,,5154.0,0.0466987131980311,0.3073755825789195,0.3430214923217798,0.3329799688499999,,,
2976.667,2429.667,5963.0,5738.0,5770.0,5788.5,2.56,,5155.0,0.0193717396400088,0.7773506081710649,0.8353483378078363,0.8211261775588061,,,
2880.0,2586.5,4716.0,4586.0,4588.0,4801.75,2.54,,5156.0,0.0034780086738698,0.6131107353216048,0.6653730950025831,0.6521585567599508,,,
2433.0,1883.5,3616.0,3548.5,3707.5,4310.0,2.54,,5157.0,0.0022456724806645,0.635926775693594,0.6905760795233475,0.6758883440595822,,,
2569.0,2383.4,4864.0,4708.0,4812.0,5184.0,2.49,,5158.0,0.009602955889419,0.69983726053254,0.7575265310175112,0.7424921226701374,,,
2515.2,1933.5,4704.0,4792.0,4456.0,4692.0,2.48,,5159.0,0.0172222932141493,0.7674530375339609,0.8227593701476599,0.8096313838315994,,,
3347.0,2866.4,5464.0,5216.0,5116.0,5464.0,2.45,,5160.0,0.0034721163774664,0.6195862883302805,0.6727823142876663,0.6591332386728828,,,
2911.778,2130.667,5051.25,4930.0,4864.5,5344.0,2.42,,5161.0,0.011031464930563,0.7358172140680255,0.7927139005737209,0.7782561672303745,,,
2719.5,2236.214,5243.333,5173.0,5208.0,5769.0,2.41,,5162.0,0.016010744071828,0.7688828072725362,0.8283214869400016,0.8129687012889004,,,
2865.5,2418.5,4204.0,3460.0,3352.0,4976.0,2.39,,5163.0,0.0086312504065278,0.5367790250546025,0.5994008462903088,0.5791801215703203,,,
2568.0,2262.75,5609.5,5264.0,5196.0,5654.0,2.38,,5164.0,0.0219886822755625,0.7955393396982746,0.8581267741564594,0.8416929022675788,,,
2637.0,1950.25,6154.0,5948.0,5830.0,5510.0,2.36,,5165.0,0.0453309521604454,0.9152173418033402,0.9758839741982501,0.9618407987278407,,,
3112.667,2737.5,5906.0,5516.0,5453.333,6052.0,2.35,,5166.0,0.0091656859219954,0.7021229110617904,0.7613806525296946,0.7455675742158463,,,
3393.5,2969.0,5212.0,4974.0,4782.0,5618.0,2.33,,5167.0,0.0009794372561069,0.5768125768744262,0.6305329703222147,0.6158964012123751,,,
3164.333,2674.8,5112.0,4788.0,4822.0,5324.0,2.3,,5168.0,0.002179924486614,0.6189028093519344,0.6737957237767098,0.659171929393662,,,
2411.0,2063.25,4168.0,4064.0,4134.0,4744.0,2.29,,5169.0,0.0058914667428658,0.6815030934711377,0.7389949085860272,0.7235980861970407,,,
3089.6,2420.5,2824.0,2900.0,3012.0,3716.0,2.23,,5170.0,0.0250914957959028,0.3728710350595462,0.41304445069207674,0.4018973241766345,,,
3310.75,2793.75,4140.0,4114.667,4044.0,4326.5,2.17,,5171.0,0.0063119804736646,0.47975895857693385,0.5241658398071373,0.5130824349223811,,,
2937.5,2608.667,5492.0,5254.0,5346.0,5689.0,2.16,,5172.0,0.009335148804062,0.7017945703852353,0.7592613540521906,0.744387657297981,,,
2411.0,2063.25,4168.0,4064.0,4134.0,4744.0,2.16,,5173.0,0.0058914667428658,0.6815030934711377,0.7389949085860272,0.7235980861970407,,,
2794.667,2545.25,4800.0,4394.0,4379.0,4676.0,2.14,,5174.0,0.0044073266483956,0.6137223982382782,0.6690335082945523,0.6543449253054519,,,
3138.75,2514.25,5432.0,5308.0,5332.0,5800.0,2.13,,5175.0,0.0076133696328604,0.7011775872330356,0.7572656702888436,0.7429142639903281,,,
2846.167,2424.5,4100.0,4169.333,4266.25,4759.0,2.12,,5176.0,0.0005567645509969,0.5838074077048564,0.6343112278437487,0.6212944020305717,,,
3620.0,3176.667,4072.0,3926.667,4220.0,4684.0,2.1,,5177.0,0.0123500239895742,0.4155683162559981,0.45964141867724134,0.447695829080606,,,
3051.0,2740.333,5124.0,4822.0,4884.0,4872.0,2.08,,5178.0,0.0057109335842948,0.6148785974217166,0.6673059068746103,0.6541771127012881,,,
2706.5,2181.875,4896.0,4812.0,4930.667,5116.0,2.08,,5179.0,0.0116667223495526,0.7308748240311591,0.7869738312623278,0.7730404879884116,,,
3147.0,2629.333,5265.333,5222.0,5156.0,5152.0,2.04,,5180.0,0.0070581121118464,0.6579635060942638,0.7094220286135419,0.6971740157619322,,,
2750.875,2380.5,5730.0,5584.0,5380.0,5726.0,2.01,,5181.0,0.0196985682918649,0.7799907790673661,0.8393946991775856,0.8244273156214359,,,
3136.0,2766.667,5476.0,5216.0,5234.0,5196.0,2.01,,5182.0,0.0075220854405465,0.6496751288484134,0.7028682725728872,0.6897544604070943,,,
3068.444,2671.0,4353.0,4221.5,4378.667,4756.0,2.01,,5183.0,0.0009032129645915,0.5461544152137016,0.5962161610891716,0.5831110834261924,,,
3046.0,2391.333,5136.0,5028.0,5035.0,5630.0,2.0,,5184.0,0.0065709904268518,0.6951385317873338,0.7514042394319647,0.7367988359041504,,,
2723.0,2328.333,4768.0,4449.5,4228.0,4892.0,1.99,,5185.0,0.0049768563605426,0.6558221639060007,0.7134893416598375,0.6978741088442901,,,
3507.667,3154.667,3867.0,3880.0,4152.0,4420.0,1.98,,5186.0,0.0146791769987647,0.40614676225816704,0.4473984748277887,0.4368235365060937,,,
2990.333,2571.571,6186.667,5828.667,5900.0,6176.0,1.93,,5187.0,0.0184485347245992,0.7730842075203804,0.8334795609126331,0.817956469755471,,,
2412.167,1805.6,5892.0,5635.0,5701.0,6024.0,1.91,,5188.0,0.0494817068903184,0.9521312188313833,1.0181882737523527,1.0014724489373228,,,
3284.667,2635.0,4970.0,4805.5,4788.0,5276.0,1.91,,5189.0,0.0014890096861221,0.6090589662186756,0.6615423006053095,0.6479334000760848,,,
3174.5,2849.0,4717.667,4828.0,4838.0,5292.0,1.9,,5190.0,0.0011729498606286,0.5784106750306259,0.6282364804391014,0.6156287368122779,,,
3507.667,3154.667,3867.0,3880.0,4152.0,4420.0,1.89,,5191.0,0.0146791769987647,0.40614676225816704,0.4473984748277887,0.4368235365060937,,,
2978.5,2221.4,3756.0,3744.667,3816.0,4304.0,1.87,,5192.0,0.0015614216635568,0.5461830501392979,0.5943081713456173,0.5818728064556206,,,
3114.0,2514.75,3783.0,3956.0,3650.0,4236.0,1.86,,5193.0,0.0048201049767672,0.4936665716514247,0.5379817773242299,0.5268756350699303,,,
2642.0,1958.5,4686.0,4508.0,4138.0,5032.0,1.85,,5194.0,0.0111306804845632,0.7325454346488104,0.792107490177347,0.7761251698020406,,,
2770.889,2384.6,4258.0,4196.0,4115.667,4608.0,1.85,,5195.0,0.0011361965042529,0.5968269969834196,0.6490174698720599,0.6354326238511826,,,
3117.0,2734.75,5590.0,5298.0,5124.0,6411.333,1.84,,5196.0,0.0067424648014641,0.6806170561849354,0.7413114059532709,0.7241796928157866,,,
3073.85,2376.625,4949.5,4628.0,4438.0,4986.0,1.84,,5197.0,0.004047393236285,0.6426420840908955,0.6978479157558846,0.6832824615149724,,,
2886.0,2255.5,5804.0,5972.0,5756.0,5660.0,1.8,,5198.0,0.026120343379045,0.8171222053476785,0.872661060937767,0.8600663446888361,,,
2742.833,2226.5,4630.0,4112.0,3922.0,5068.0,1.79,,5199.0,0.0047596398746413,0.6459617537988422,0.7074671081519027,0.6894858642408177,,,
2924.857,2644.0,4955.667,4674.75,4756.667,4884.0,1.77,,5200.0,0.0046774953337672,0.6218369775021422,0.675392210589628,0.6617049257762229,,,
2905.4,2455.8,4821.333,4684.0,4502.0,4735.0,1.77,,5201.0,0.0050749455380132,0.6371202004192646,0.6897203844470587,0.6766064283015525,,,
3046.667,2486.667,5028.0,4892.0,4876.0,5208.0,1.76,,5202.0,0.0045476645436552,0.6573643861166157,0.7112425769588675,0.6975936932886448,,,
3030.0,2702.0,5738.4,5541.5,5664.0,5784.0,1.76,,5203.0,0.0112515859714788,0.7103667858518437,0.7667768578554466,0.7526225046429447,,,
2933.5,2536.0,5412.0,5049.0,4953.333,5251.667,1.75,,5204.0,0.0085793529431873,0.6845947269008549,0.7416358312889102,0.7268651151561516,,,
2926.333,2567.0,3896.0,3832.0,3944.0,4436.0,1.74,,5205.0,0.0015633205125126,0.5121284334708956,0.5608549132609167,0.5478898028233983,,,
2976.667,2429.667,5963.0,5738.0,5770.0,5788.5,1.73,,5206.0,0.0193717396400088,0.7773506081710649,0.8353483378078363,0.8211261775588061,,,
3129.5,2709.5,5822.0,5570.0,5210.667,6105.6,1.72,,5207.0,0.0085922240360558,0.6985862621045611,0.7575565405988003,0.7417290928992368,,,
3400.0,2908.333,3543.0,3674.0,3864.0,4587.0,1.69,,5208.0,0.0133135212536671,0.4133143752876377,0.45592219868237,0.444369985763329,,,
2864.333,2188.333,5392.0,5218.5,5224.0,5524.0,1.68,,5209.0,0.0159400401718541,0.7685211902098392,0.8266959756271242,0.8120899391792555,,,
3292.25,2787.875,4853.0,4737.667,4661.333,5130.0,1.68,,5210.0,0.0011220849692589,0.5724320267021935,0.6231749776715532,0.6100615815349832,,,
2840.0,2578.0,5940.0,5662.667,5336.0,6188.0,1.68,,5211.0,0.016461097222132,0.7562909433535324,0.8181710508671178,0.8015667274594909,,,
2836.524,1963.391,2286.0,2193.5,2520.5,3168.8,1.67,,5212.0,0.0405363020922787,0.35562660716127237,0.39621037521912705,0.38418028222666584,,,
2804.6,2523.0,6086.0,6032.0,5840.0,6282.667,1.66,,5213.0,0.0233754530809417,0.801425044650768,0.8617103272093843,0.8464861549550167,,,
3059.0,2698.5,5988.0,5796.0,5856.0,5855.0,1.66,,5214.0,0.0146565529383621,0.7334845471947298,0.7900285042075912,0.7761203993881459,,,
2952.5,2484.667,5168.0,4904.0,5166.667,5220.0,1.66,,5215.0,0.0076036696292597,0.6808255914330078,0.7360021509148815,0.7220960196441685,,,
2859.0,2388.4,6260.0,5804.0,5560.0,5862.0,1.65,,5216.0,0.024301658581795,0.8047042520903605,0.8665788279486977,0.8507100943017905,,,
3184.75,2879.0,2468.0,2545.0,2742.0,3217.5,1.65,,5217.0,0.0681784566431953,0.2483738664614968,0.28078020915614094,0.27175469141893405,,,
3032.0,2759.0,6302.0,5606.0,5504.0,5526.667,1.62,,5218.0,0.0166936713329158,0.7195582387671444,0.7791120404760887,0.7637060970567282,,,
3181.0,2382.5,2523.667,2397.0,2393.333,2922.0,1.62,,5219.0,0.06314922736178,0.2853350812966454,0.3205584166915335,0.3105197780582692,,,
2799.0,2347.667,4154.0,4068.0,3986.0,4670.0,1.61,,5220.0,0.0003557725616822,0.5868940673152261,0.639776818522005,0.6255781941769899,,,
2522.0,2490.5,6484.0,6190.0,5924.0,6328.0,1.59,,5221.0,0.0369601273408075,0.8590925368614661,0.9237590490815649,0.9070741856267677,,,
2587.143,2189.0,5768.0,5216.0,5024.5,5276.0,1.58,,5222.0,0.0247875942625253,0.8020912603258697,0.8649438187143672,0.8486032944703459,,,
3058.0,2493.25,5688.0,5188.0,5250.0,5978.0,1.56,,5223.0,0.0096299019856137,0.7177311252890077,0.778777553958008,0.7620938271295608,,,
2828.5,2543.0,5788.0,5848.0,5856.0,6012.0,1.55,,5224.0,0.0197503476749861,0.7747595580343847,0.8321297833353194,0.8181362720382346,,,
2579.5,2225.5,4678.0,4646.0,4562.0,5120.5,1.54,,5225.0,0.0087352297824884,0.706591911878429,0.7636620694210379,0.7488624899738343,,,
2804.6,2523.0,6086.0,6032.0,5840.0,6282.667,1.52,,5226.0,0.0233754530809417,0.801425044650768,0.8617103272093843,0.8464861549550167,,,
3507.667,3154.667,3867.0,3880.0,4152.0,4420.0,1.5,,5227.0,0.0146791769987647,0.40614676225816704,0.4473984748277887,0.4368235365060937,,,
3265.0,2729.0,3141.0,3003.0,3134.0,3844.0,1.5,,5228.0,0.0285294018811408,0.3501736421282521,0.3921339193600788,0.3799667526747935,,,
2799.0,2347.667,4154.0,4068.0,3986.0,4670.0,1.5,,5229.0,0.0003557725616822,0.5868940673152261,0.639776818522005,0.6255781941769899,,,
3507.667,3154.667,3867.0,3880.0,4152.0,4420.0,1.46,,5230.0,0.0146791769987647,0.40614676225816704,0.4473984748277887,0.4368235365060937,,,
2857.0,2276.5,4602.0,4398.75,4354.0,4628.0,1.46,,5231.0,0.0040901063387906,0.642032774976965,0.69544822807399,0.6818788868443436,,,
3320.5,2893.5,5312.0,4984.0,4728.0,5356.0,1.45,,5232.0,0.0025963281445273,0.5907291588459617,0.6446599507387589,0.6302273604736917,,,
2730.75,2382.0,3786.0,3550.0,3436.0,4354.0,1.45,,5233.0,0.001997839152777,0.5181041882840987,0.5714556609866892,0.5560555743171337,,,
2508.167,2057.167,3826.0,3831.0,3797.0,4248.0,1.44,,5234.0,0.0015517353375472,0.6205385006137594,0.6728210464712553,0.6593832278816512,,,
2885.0,2351.0,5218.0,5106.0,4806.0,5282.0,1.43,,5235.0,0.0096812870521366,0.7097609913118568,0.7660548012279838,0.7517825079370204,,,
3334.0,2958.667,2785.333,2678.0,2864.0,3293.333,1.41,,5236.0,0.0617127325433543,0.2626380303234584,0.29759766438088486,0.2876871649826067,,,
3048.667,2097.0,3860.0,3844.0,4008.0,4324.0,1.41,,5237.0,0.0029812111891609,0.5813149782962825,0.6293178941075438,0.6173685435442594,,,
3439.0,2868.8,4164.0,4018.0,4288.0,4584.0,1.41,,5238.0,0.0058659246177752,0.47142514104894895,0.517015848827026,0.5051353273677053,,,
2864.5,2544.667,5444.0,5151.0,5064.0,5361.0,1.41,,5239.0,0.0100635914105996,0.6993446046869743,0.7567236467415654,0.7419517933617626,,,
3233.5,2832.0,5741.75,5620.0,5733.0,5968.0,1.39,,5240.0,0.0075040482193626,0.6823163992456139,0.7372828648519446,0.7234582697336804,,,
3109.0,2785.0,2938.0,2951.0,3185.5,4132.0,1.39,,5241.0,0.029103305092401,0.3496209875523194,0.39242267019888244,0.37960131779515927,,,
2727.5,2407.5,5957.0,5701.0,5554.0,5820.0,1.32,,5242.0,0.0231445272460341,0.7971699394213569,0.8578854250830351,0.8425067600344343,,,
3046.4,2292.0,4582.0,3888.0,3588.0,5658.0,1.31,,5243.0,0.0114427720621404,0.6077484150185019,0.6727865807638138,0.6519084481421866,,,
2888.6,2092.0,5744.0,5584.0,5556.0,5912.0,1.31,,5244.0,0.024610883058246,0.8285530722442951,0.888708536975969,0.8736782915248298,,,
3472.556,3072.3,4421.333,4405.333,4396.0,4689.4,1.3,,5245.0,0.0059412000622718,0.4762034785017227,0.520933891768302,0.509681294013693,,,
2800.286,2157.5,4896.0,4646.0,4717.0,5017.0,1.3,,5246.0,0.0089947661456356,0.7113885751649011,0.7681890096251562,0.753648367505319,,,
2579.0,2258.5,7026.0,6684.0,6524.0,6384.0,1.29,,5247.0,0.0541528633693626,0.9461666958963757,1.0111091159022803,0.9952801549965588,,,
3322.5,2888.0,4712.0,4452.0,4740.0,5076.0,1.29,,5248.0,0.0013112592385821,0.5406270971855766,0.5912006260792533,0.5778024534560487,,,
3507.667,3154.667,3867.0,3880.0,4152.0,4420.0,1.29,,5249.0,0.0146791769987647,0.40614676225816704,0.4473984748277887,0.4368235365060937,,,
3013.75,2519.667,4550.5,4220.0,4220.0,4888.333,1.28,,5250.0,0.0006990558588104,0.5797642144136506,0.6342079453470579,0.619217706082777,,,
3223.0,2780.333,5476.5,5412.0,5408.0,5773.0,1.27,,5251.0,0.0051411889341684,0.6612291315768248,0.7152307916197842,0.7015890120615143,,,
3145.0,2847.0,4888.0,4691.0,4372.0,5183.0,1.26,,5252.0,0.001846105178085,0.5673383882234084,0.6206771533165258,0.6061622373649638,,,
3262.25,2757.0,5146.667,5126.0,5228.0,5450.667,1.25,,5253.0,0.0031410471699568,0.6279800465534437,0.679448836369285,0.6666950545624417,,,
3362.857,2741.0,3692.0,3692.0,3718.667,4388.0,1.23,,5254.0,0.0100118840473944,0.4348841850242184,0.478933955990667,0.4670543628939937,,,
2687.5,1942.5,4292.0,4054.0,4142.0,4975.0,1.22,,5255.0,0.0063168774765624,0.6910243760402306,0.7497225864659488,0.7335621746327639,,,
2616.0,2278.75,4330.667,4196.0,4008.0,4830.0,1.22,,5256.0,0.0027011758012334,0.6335922021279854,0.6900620291021513,0.6746231087390379,,,
2352.5,2006.0,3542.0,3035.0,3135.0,3788.0,1.21,,5257.0,0.0020440970219934,0.5508859884323818,0.6083714002607661,0.5914471095745147,,,
2992.0,2542.8,5104.0,4880.0,4824.0,5010.0,1.21,,5258.0,0.0057478133587209,0.6509944197444435,0.7048392871613391,0.6912834354891775,,,
2699.875,1750.667,4772.0,4756.0,4420.0,5012.0,1.2,,5259.0,0.0194390023112021,0.7964245072158798,0.8542350996078623,0.8398252449236256,,,
3022.0,2476.2,6712.0,6356.0,6348.0,6656.0,1.2,,5260.0,0.0286949221683999,0.8404739779687783,0.9029753953916904,0.8870662374821139,,,
3156.5,2740.714,5554.0,5347.0,5270.0,5710.0,1.2,,5261.0,0.0058954723006862,0.6680395345242154,0.7237431798816294,0.709350593879798,,,
3147.5,2776.333,4311.0,4030.0,4087.0,4504.0,1.2,,5262.0,0.0034299091364683,0.5013321756315441,0.550780265950724,0.5374719931344378,,,
2734.5,2444.0,5112.0,4858.5,5052.5,5587.0,1.2,,5263.0,0.0092316290521786,0.7054399075397323,0.7646008117092888,0.74878072241953,,,
3206.0,2770.2,5261.0,5272.0,5240.0,5340.75,1.19,,5264.0,0.0050985404081255,0.6392542822115242,0.690383541126246,0.6780416812037511,,,
3238.0,2994.0,2971.0,3017.0,3010.0,3410.0,1.17,,5265.0,0.0457550909678017,0.2967595210579371,0.3319796640562761,0.3226757426837342,,,
2943.5,2619.75,5648.0,5318.0,5382.0,5708.0,1.16,,5266.0,0.0105624582885864,0.7095494434854468,0.7678844210756154,0.7527041740344683,,,
3439.0,2868.8,4164.0,4018.0,4288.0,4584.0,1.16,,5267.0,0.0058659246177752,0.47142514104894895,0.517015848827026,0.5051353273677053,,,
2640.0,2283.0,3406.0,3488.0,3547.0,4268.0,1.15,,5268.0,0.0014290880887838,0.5205653859072268,0.5697581784823971,0.5563993903096534,,,
2801.0,2447.5,5896.0,5462.0,5284.0,5938.833,1.15,,5269.0,0.0175078199052726,0.7666795227458197,0.8292050525463441,0.8124522972752698,,,
3077.5,2672.0,4540.0,4526.0,4646.0,4948.0,1.15,,5270.0,0.0011932881619459,0.5787470619106826,0.6287341302488976,0.6160939471818763,,,
2894.0,2221.8,4950.667,4620.0,4529.0,5091.2,1.14,,5271.0,0.0066147229758211,0.6884231671482309,0.74601024413282,0.7307379498425315,,,
3219.0,2826.0,5136.0,4928.0,4920.0,5328.0,1.14,,5272.0,0.0020947983039605,0.6023653056971555,0.6553171500787829,0.6415400911275961,,,
3181.0,2451.0,3308.0,3083.0,3042.0,3620.0,1.14,,5273.0,0.0208003589397146,0.39701721984846716,0.4405192500055573,0.42837277697159837,,,
3507.667,3154.667,3867.0,3880.0,4152.0,4420.0,1.14,,5274.0,0.0146791769987647,0.40614676225816704,0.4473984748277887,0.4368235365060937,,,
2667.0,2266.0,5824.0,5640.0,5648.0,5918.0,1.14,,5275.0,0.0263015836968267,0.824526405228782,0.88576973926943,0.8703181178081242,,,
3475.5,2996.0,4748.0,4176.0,3752.0,4826.667,1.12,,5276.0,0.0097972182414188,0.4766004618090348,0.5295345109293604,0.5139279263689102,,,
3393.5,2969.0,5212.0,4974.0,4782.0,5618.0,1.12,,5277.0,0.0009794372561069,0.5768125768744262,0.6305329703222147,0.6158964012123751,,,
2635.75,1925.0,5982.0,5610.0,5520.0,5956.0,1.12,,5278.0,0.0376770942256029,0.8977989028466222,0.9626706804218932,0.9460181089255217,,,
2543.571,2195.0,5008.0,5037.917,4852.0,5086.0,1.1,,5279.0,0.0163808555190006,0.7561150354976517,0.8127514449432987,0.7989112561878627,,,
3316.5,2865.333,4168.0,3662.0,3374.75,4506.0,1.1,,5280.0,0.0136063720935545,0.4361768266767352,0.4879753578456959,0.47224403411801696,,,
3079.0,2672.5,4900.0,4717.0,4770.0,4878.0,1.1,,5281.0,0.0035601104609728,0.6049753599433956,0.656356496132254,0.6435135471915493,,,
3002.25,2232.0,4240.0,4010.75,4021.0,4916.0,1.09,,5282.0,0.0012491683790249,0.599705648549027,0.6545286165380542,0.639257440769694,,,
3314.667,3055.0,3271.25,3118.0,3232.0,3352.0,1.09,,5283.0,0.0429271698993938,0.31382944089799214,0.3503764254988771,0.3409209671063044,,,
3027.0,2747.0,4406.0,4428.0,4388.0,4758.0,1.08,,5284.0,0.001588264883485,0.5500165005852947,0.5989208002434674,0.5865096266702137,,,
3037.667,2647.714,3276.0,3074.5,3142.0,3528.333,1.08,,5285.0,0.0220304963393519,0.3758043321949763,0.41821213443174377,0.40658385912502476,,,
3248.0,2783.5,5540.0,5382.0,5145.0,5704.0,1.08,,5286.0,0.0046601762954922,0.6522332467710688,0.7070725146948873,0.6928913796633396,,,
2991.0,2656.0,5754.0,5310.0,5308.0,5648.0,1.07,,5287.0,0.0101715222955956,0.701047705338337,0.7597802400291795,0.7443443077176075,,,
3112.667,2737.5,5906.0,5516.0,5453.333,6052.0,1.06,,5288.0,0.0091656859219954,0.7021229110617904,0.7613806525296946,0.7455675742158463,,,
3302.5,2797.75,4212.0,4294.0,4290.0,5016.667,1.06,,5289.0,0.0015759711710779,0.5118658875823147,0.5596336262708634,0.5469864053948359,,,
2867.5,2413.333,5034.667,4530.667,4524.0,5324.0,1.06,,5290.0,0.0048322420587044,0.6618138020937223,0.7218928378758458,0.7050423267320831,,,
2977.5,2095.833,5392.0,5196.0,5056.0,5772.0,1.06,,5291.0,0.0157404380422673,0.7750754643396476,0.8347598579601131,0.8192201238808409,,,
2567.167,1810.333,2900.0,2951.0,3061.0,3680.0,1.05,,5292.0,0.0045177717746917,0.5230503941636196,0.570324295505184,0.5576753934156861,,,
3060.5,2022.667,3800.0,4058.5,4020.0,4552.0,1.05,,5293.0,0.0040408460714051,0.6080747676303014,0.6551557779161612,0.6437785170865414,,,
2766.333,2321.25,5457.333,5096.0,5244.0,5208.5,1.04,,5294.0,0.0159918647349175,0.7472271447647973,0.8053279972268572,0.7907889840987791,,,
3275.75,2857.0,4832.0,4548.0,4240.0,5020.0,1.02,,5295.0,0.0024152484582215,0.5418963793231787,0.5942467198397606,0.5799046045072367,,,
2748.0,2379.333,2726.0,2768.0,2658.0,3816.0,1.01,,5296.0,0.0243146523793912,0.3775781854764152,0.4228825389567403,0.40904390988218514,,,
3272.0,2730.667,4579.667,4358.0,4447.0,4824.0,1.01,,5297.0,0.0014620211433193,0.5427398843988744,0.5927139625870304,0.5796210218513982,,,
3130.5,2689.5,4962.0,4704.0,4661.333,5236.0,1.01,,5298.0,0.0015051871943664,0.6033622163385648,0.6575279058868635,0.643060392713029,,,
2991.0,2387.267,4245.333,4129.6,4130.0,4896.0,1.0,,5299.0,0.00020021344807,0.5821360504892398,0.6349859683625669,0.6206318653948295,,,
2687.5,2200.0,5306.0,5156.0,5248.0,6010.0,1.0,,5300.0,0.0185315967730368,0.7863262566978548,0.8480748286116883,0.8316409853634434,,,
3231.2,2671.833,5746.0,5520.0,5419.0,5312.0,1.0,,5301.0,0.0107672735460962,0.6858536577670173,0.7391816927027273,0.7264025302907064,,,
