B11,B12,B2,B3,B4,B8,H2_pct,H2_ppm,OBJECTID,sid_vs_mean
2586.000,2438.000,9024.000,8796.000,8867.200,8412.000,29.200,N/A,7.000,0.097280626215006
1954.000,1900.500,6882.000,6432.000,6112.000,5880.000,51.500,N/A,8.000,0.08962612144004928
1853.750,1367.167,476.765,665.714,719.429,1883.000,15.700,N/A,177.000,0.3759915046942204
2175.650,1647.875,798.267,1118.429,1242.286,1883.556,39.200,N/A,178.000,0.21250421472492442
2403.444,1768.600,609.800,791.600,800.444,2609.929,34.000,N/A,180.000,0.4242789693191711
1366.750,688.429,215.900,418.053,281.571,2909.750,50.900,N/A,181.000,0.816268752863989
1517.488,1132.960,794.564,929.840,984.413,1758.909,4.100,N/A,182.000,0.1297747902223969
2254.300,1484.250,603.840,990.714,987.471,2395.692,14.700,N/A,183.000,0.30761532655797785
1833.833,1778.333,7556.000,7512.000,7336.000,6894.000,10.800,N/A,186.000,0.13089400332110807
2889.000,2033.000,539.250,735.889,1186.400,2976.000,1.100,N/A,189.000,0.48746188246797484
1682.000,1133.400,410.591,534.000,667.227,1995.500,70.000,N/A,205.000,0.40825085623786894
3108.000,2447.333,2561.978,2967.000,3131.933,3323.167,57.700,N/A,207.000,0.034764146682910654
3151.000,2415.333,860.400,1116.400,1256.308,2716.800,13.300,N/A,209.000,0.3636298172141491
4437.333,3960.667,2015.636,2529.750,2962.000,3464.000,4.100,N/A,213.000,0.18968954577642858
3287.800,2398.333,2062.000,2157.000,2295.167,2741.667,19.500,N/A,240.000,0.09827725083319508
2332.300,1706.667,5029.333,4837.000,4682.000,5100.000,2.000,N/A,267.000,0.03212936963526872
3748.250,3440.500,1253.714,1697.667,2515.750,3152.000,3.820,N/A,288.000,0.2701750691414422
2329.000,1973.500,3822.250,3559.000,3539.000,3708.000,1.100,N/A,295.000,0.004165313865450055
2329.000,1973.500,3822.250,3559.000,3539.000,3708.000,1.600,N/A,296.000,0.004165313865450055
2108.250,1583.000,2113.500,2217.500,2132.000,3517.000,2.530,N/A,304.000,0.02396531469050874
2959.250,2708.667,2902.000,2830.000,2635.000,3460.000,1.700,N/A,360.000,0.03782079373147878
2953.000,2675.000,2298.500,2359.000,2552.500,3034.500,2.600,N/A,362.000,0.06703131704601403
4487.000,4328.000,1248.615,1890.800,3049.100,3673.333,2.200,N/A,382.000,0.32877927973832644
3241.250,2988.250,1050.222,1315.091,1953.200,2405.000,2.600,N/A,391.000,0.31015696381612956
3868.625,3597.000,982.136,1378.737,2590.538,3104.167,4.200,N/A,397.000,0.36681872095068835
3508.333,3363.000,1045.222,1386.316,2458.818,3029.444,20.400,N/A,405.000,0.3191412007009341
3490.250,3183.500,1119.286,1502.933,2207.294,2777.857,12.800,N/A,414.000,0.2913294677084901
1910.000,1681.667,4481.600,4376.500,4452.000,5150.000,19.000,N/A,421.000,0.03660954552530815
2783.167,2204.000,2309.000,2129.500,1950.625,2732.000,26.300,N/A,457.000,0.06703501753320285
2354.500,1996.000,1061.143,1375.000,1634.571,2592.667,2.400,N/A,461.000,0.16511783560179877
3387.000,3038.000,1164.000,1564.000,2011.400,2572.833,8.400,N/A,577.000,0.27348782054962445
5196.000,4815.909,1885.750,2533.286,3103.172,3520.656,7.200,N/A,668.000,0.275340885045522
4428.400,4082.429,1834.000,2391.714,2854.111,3242.286,11.500,N/A,675.000,0.22544869377560145
3628.375,3281.000,1305.902,1633.667,1953.854,2528.000,3.700,N/A,735.000,0.2879783777316535
3628.375,3281.000,1305.902,1633.667,1953.854,2528.000,6.400,N/A,736.000,0.2879783777316535
3217.667,2775.250,1181.385,1499.333,1898.667,2529.333,1.100,N/A,760.000,0.24999936614151497
4181.182,3793.000,1337.366,1823.026,2464.027,3101.727,1.100,N/A,827.000,0.29972560903061357
4322.467,3740.000,2081.371,2584.229,2845.733,3291.238,2.300,N/A,846.000,0.1735450433315991
2766.100,2479.077,3372.667,3288.000,3366.000,4324.600,21.000,N/A,880.000,0.006198264600790263
2318.000,1648.800,2194.500,2247.000,2457.500,3572.333,2.100,N/A,888.000,0.022305063889698544
3662.000,3301.500,1236.000,1763.556,2076.000,2842.000,31.800,N/A,952.000,0.27523211617354704
3662.000,3301.500,1236.000,1763.556,2076.000,2842.000,4.700,N/A,953.000,0.27523211617354704
4620.250,4202.333,2087.250,2751.667,3582.917,4120.444,2.170,N/A,968.000,0.1714906620297285
4620.250,4202.333,2087.250,2751.667,3582.917,4120.444,1.920,N/A,969.000,0.1714906620297285
4620.250,4202.333,2087.250,2751.667,3582.917,4120.444,2.060,N/A,970.000,0.1714906620297285
2318.333,2286.333,795.933,1054.100,1620.727,2266.000,1.000,N/A,973.000,0.27330512535497004
3162.500,2746.000,1048.632,1440.727,1894.857,2709.556,18.900,N/A,974.000,0.26660105897348707
2481.000,2164.000,995.571,1239.600,1492.400,2221.500,76.300,N/A,976.000,0.2203892307410474
3680.571,3231.821,1253.750,1632.667,2088.400,3011.944,1.900,N/A,1022.000,0.2751243805157374
2736.800,2342.000,797.500,1119.500,1516.000,2652.000,1.910,N/A,1052.000,0.30947370565571347
3976.625,3277.286,1365.000,1758.667,2258.500,3352.000,2.290,N/A,1292.000,0.2592915456945867
2739.250,2217.333,3132.000,3060.000,2808.000,3748.000,1.000,N/A,1317.000,0.010587336367177352
3479.667,2769.400,923.438,1181.800,1504.500,2399.333,5.200,N/A,1354.000,0.38083261674908686
4345.917,3792.000,1080.000,1505.429,2192.000,3070.000,1.300,N/A,1423.000,0.3929417285738853
4464.000,3767.000,1879.429,2427.133,3182.000,4095.200,1.100,N/A,1424.000,0.182423931729497
3018.250,2413.375,857.923,1061.120,1304.857,2078.571,2.800,N/A,1427.000,0.36354120134376033
3340.857,2676.000,948.273,1311.600,1634.952,3046.000,1.400,N/A,1431.000,0.32113203714090127
3021.222,2290.667,993.381,1303.760,1581.167,2654.000,3.600,N/A,1460.000,0.2623452672893116
3205.667,2640.000,970.903,1442.211,1956.909,2842.000,6.700,N/A,1490.000,0.2716719417283077
3570.000,2988.333,1089.778,1439.333,1885.733,2777.556,6.100,N/A,1491.000,0.30796762635949027
2830.000,2224.500,686.958,957.280,1119.231,2326.333,2.500,N/A,1492.000,0.40083252377485973
2925.778,2293.500,799.696,1052.100,1312.455,2578.000,6.500,N/A,1526.000,0.3488843843313291
4302.286,3790.500,1251.182,1821.647,2530.857,3810.000,1.100,N/A,1901.000,0.3054118986385653
4302.286,3790.500,1251.182,1821.647,2530.857,3810.000,1.300,N/A,1902.000,0.3054118986385653
3064.250,2368.500,725.000,991.800,1042.500,2504.000,1.100,N/A,2010.000,0.4335505372253431
3251.667,2717.000,986.750,1242.800,1549.000,3107.333,2.700,N/A,2047.000,0.3253366760296774
3358.000,2606.667,999.875,1270.756,1496.429,2790.667,5.600,N/A,2145.000,0.3240756274088395
3358.000,2606.667,999.875,1270.756,1496.429,2790.667,17.900,N/A,2146.000,0.3240756274088395
3955.333,2968.583,1564.500,2017.667,2362.200,3622.000,1.000,N/A,2301.000,0.19451029556627025
3588.967,2809.667,642.919,864.200,921.636,2598.000,1.100,N/A,2317.000,0.6009248845888531
2960.500,2128.167,663.444,1053.000,1179.000,2868.000,1.900,N/A,2420.000,0.3937367084286946
3512.333,2796.000,1244.000,1570.667,1939.000,3537.600,6.600,N/A,2450.000,0.24808823083064163
3980.500,3051.000,1082.000,1562.667,2009.556,3137.500,4.600,N/A,2500.000,0.3194124353981631
2166.000,1534.000,444.000,545.333,662.000,2799.000,1.400,N/A,2627.000,0.5547307776889623
2867.333,1875.000,744.667,937.000,997.500,2758.000,1.400,N/A,2656.000,0.38500532083134753
4550.500,3923.000,1591.385,2072.727,2653.333,3936.000,8.100,N/A,2812.000,0.25774845340149344
3475.750,2517.250,665.933,990.833,1319.750,2790.400,1.100,N/A,2936.000,0.467394287187347
2730.333,1762.200,862.750,1127.000,1104.667,3248.000,2.200,N/A,3055.000,0.3081515501876956
3183.500,2149.500,1126.800,1312.667,1431.000,3385.333,56.000,N/A,3158.000,0.26492730475969883
2833.000,2049.500,866.500,1126.500,1434.500,3348.000,80.000,N/A,3160.000,0.29995357965058034
2265.333,1583.750,511.775,687.125,750.200,3003.000,1.000,N/A,3178.000,0.487600067292438
2784.000,2341.000,1004.667,1172.333,1425.714,4070.000,91.800,N/A,3194.000,0.3104993214276591
3781.333,2335.000,724.923,1052.727,1189.000,3753.600,3.200,N/A,3227.000,0.4863209622770279
2332.083,1662.982,544.588,742.333,805.100,3340.286,1.120,N/A,3266.000,0.4839754908145182
3316.500,2775.500,2825.000,2626.000,2690.500,4357.500,17.200,N/A,3339.000,0.05452326191159667
2130.333,1454.000,421.429,539.222,477.429,2342.000,2.400,N/A,3427.000,0.5885722204978802
2801.333,2018.750,1208.500,1320.500,1514.333,3050.000,96.300,N/A,3519.000,0.2000019153645973
3183.200,2505.167,1666.267,2017.000,2131.667,3670.000,33.700,N/A,3534.000,0.1290744493736426
3405.000,2404.000,924.000,1238.286,1508.400,2910.222,1.040,N/A,3730.000,0.3308142680104615
3468.500,3186.000,1394.000,1579.000,2646.000,3203.000,40.000,N/A,3738.000,0.22596785598127883
3258.000,2355.000,803.000,1050.400,1252.333,2280.800,1.740,N/A,3759.000,0.39747103788532145
2361.500,1902.000,993.000,1129.000,1166.000,2271.000,4.600,N/A,3789.000,0.224899704688886
2516.417,1719.500,1165.250,1379.000,1308.500,4543.500,1.200,N/A,3823.000,0.2558189601255805
2001.800,1206.375,829.500,857.833,797.000,3242.000,1.100,N/A,3841.000,0.3184457230572435
2572.143,1861.667,2284.000,2357.000,2246.000,4305.125,26.000,N/A,3861.000,0.048166382076531844
2530.045,2017.125,2459.714,2400.000,2469.000,3735.500,25.600,N/A,3869.000,0.02534804273903352
2457.429,2298.500,5114.750,5082.000,5134.000,5258.250,12.700,N/A,4042.000,0.019077832500215622
1808.000,1562.750,4122.000,3976.000,3924.000,4304.000,57.800,N/A,4058.000,0.02987341831952846
2373.000,2126.250,4430.667,4263.000,4124.000,4890.667,1.000,N/A,4211.000,0.008467623065271726
2141.667,1790.000,3290.000,3250.000,3065.000,4576.500,1.000,N/A,4222.000,0.009726810399290083
2024.200,1712.000,4389.000,4072.000,3906.000,4500.000,2.170,N/A,4259.000,0.022025581711660577
2593.000,1825.500,1650.500,1748.000,1731.000,2844.000,5.636,56361.000,4270.000,0.08808360405017804
1227.200,1170.333,1038.909,1196.600,1422.400,1392.222,7.100,N/A,4271.000,0.04464977656220992
2533.500,2222.400,7729.600,7365.167,7458.667,7520.000,35.000,N/A,4287.000,0.07443371343954344
2321.375,1815.000,5374.250,5102.400,5021.333,5216.000,68.440,N/A,4289.000,0.03683571981058209
2279.300,2274.083,4690.000,4244.000,4256.000,4520.000,12.600,N/A,4290.000,0.012132350968903305
2045.750,1689.500,5289.333,4918.800,4965.600,5081.333,12.600,N/A,4291.000,0.04840118926221064
2032.667,2072.400,7479.000,7116.000,6872.333,6683.800,18.800,N/A,4293.000,0.09614421863667535
1939.500,1709.000,5816.000,5481.333,5164.000,4700.000,93.100,N/A,4294.000,0.0713278601754933
713.500,715.500,943.250,922.500,865.250,843.000,2.175,21749.000,4428.000,0.02195847859089709
713.500,715.500,943.250,922.500,865.250,843.000,1.648,16479.000,4429.000,0.02195847859089709
2581.833,2286.000,5409.333,5276.000,5162.000,5772.000,46.400,N/A,4438.000,0.019484297302146597
1953.500,1853.667,3587.000,3340.000,3355.000,3323.000,34.400,N/A,4439.000,0.008972150662845886
3128.500,2858.333,3716.000,3481.333,3360.000,3676.000,54.000,N/A,4440.000,0.01985065243343018
2948.700,2470.000,8103.909,7776.000,7710.400,7582.000,67.000,N/A,4441.000,0.05982998896769044
2445.000,2282.167,7766.000,7330.000,7079.500,6511.500,36.000,N/A,4442.000,0.07659380507875199
2420.600,2214.333,7696.000,7394.667,7122.667,6609.333,22.200,N/A,4443.000,0.07948175913406216
2448.000,2192.000,6622.000,6368.000,6273.048,6237.333,36.000,N/A,4444.000,0.05230646007649849
2780.500,2332.300,5314.000,4964.000,4879.429,5460.800,19.000,N/A,4445.000,0.011082504290430124
2511.286,2026.500,4442.000,4316.000,4288.000,4697.500,64.000,N/A,4446.000,0.008405688335444358
2357.000,1897.400,3470.667,3368.000,3427.600,3738.400,24.100,N/A,4447.000,0.001018962614568737
2584.250,2194.500,3799.000,3676.000,3694.000,4121.250,57.300,N/A,4448.000,0.0005371476703404551
2080.250,1957.000,6691.000,6482.400,6354.667,5930.000,14.000,N/A,4449.000,0.08040416661843788
2089.364,2034.667,8152.000,7899.333,7960.000,7446.400,16.600,N/A,4450.000,0.11695319098640788
3423.000,2634.250,1236.667,1584.000,2073.000,3118.400,98.500,N/A,4457.000,0.22448682287338706
2349.111,1453.500,496.000,866.417,796.500,3682.250,25.000,N/A,4462.000,0.49443767043273423
2475.000,2319.000,1802.000,2010.000,2202.000,4376.000,52.000,N/A,4463.000,0.09700076539931118
2707.000,2060.750,560.143,798.875,848.000,3117.500,14.100,N/A,4465.000,0.5094474249493908
2597.000,2382.000,4446.000,4312.000,4210.000,5036.000,24.600,N/A,4468.000,0.00356731456658006
2717.500,2213.500,4176.000,4052.000,4060.000,4778.250,16.000,N/A,4478.000,0.0013092019495722857
2765.500,1943.500,3028.000,2702.000,2610.000,4773.600,13.300,N/A,4479.000,0.03075258735011243
2476.000,2328.714,3602.000,3490.667,3532.000,4390.000,61.500,N/A,4480.000,0.0014236478624767394
2455.000,2096.500,2604.000,2532.000,2480.000,3528.000,12.900,N/A,4482.000,0.01808690363431758
3039.444,2454.286,2900.000,2959.000,2834.000,3928.000,22.100,N/A,4483.000,0.024596639441407355
2328.000,1944.000,2583.000,2558.000,2424.000,3464.000,93.000,N/A,4484.000,0.012801229374489638
2422.000,1921.750,2341.000,2310.000,2302.000,4558.000,11.300,N/A,4485.000,0.05096412764123798
4107.000,3234.000,5174.000,4566.000,4262.000,5209.600,100.000,N/A,4486.000,0.011001667232146115
916.500,906.571,1466.000,1360.000,1446.000,1569.333,57.800,N/A,4487.000,0.0025775167393191616
2053.500,1930.750,2952.667,2808.333,2655.000,3544.000,73.100,N/A,4488.000,0.0032796778981341174
1868.800,1146.500,1440.000,1354.000,1117.600,3483.500,48.300,N/A,4493.000,0.13973381475627428
2528.143,2332.700,3532.000,3236.000,3022.000,4312.000,37.500,N/A,4495.000,0.006410649327837822
1767.250,1618.250,2403.000,2198.000,2157.000,2576.667,30.400,N/A,4497.000,0.005448179139225226
2089.250,1050.778,733.500,919.250,664.800,3932.750,28.700,N/A,4498.000,0.4351545301211347
2327.333,1417.500,1219.000,1195.333,1134.667,4789.000,1.850,N/A,4499.000,0.2961240685107903
2327.333,1417.500,1219.000,1195.333,1134.667,4789.000,1.760,N/A,4500.000,0.2961240685107903
2270.875,1939.000,3396.000,3252.000,3110.500,4184.667,11.400,N/A,4501.000,0.002294396634236585
2774.000,2106.000,3388.000,3040.000,2642.000,4068.000,34.000,N/A,4503.000,0.013977217187417247
2381.091,2125.250,4024.000,3814.000,3700.000,4120.000,26.700,N/A,4504.000,0.0033498359116772404
1908.833,1889.500,2962.000,2773.500,2615.583,3193.333,34.000,N/A,4505.000,0.003448602136144032
208.062,175.500,295.091,278.000,151.500,149.773,43.100,N/A,4506.000,0.11774292905377973
2018.364,1662.750,1770.000,1754.000,1591.000,3031.000,20.800,N/A,4507.000,0.05505790389241291
2960.429,2190.500,1328.643,1763.043,2527.636,2853.667,50.000,N/A,4508.000,0.13719322858650346
2053.000,1907.500,3119.000,2935.000,2847.000,3533.750,23.900,N/A,4509.000,0.001375998101700365
2215.500,1995.000,3896.000,3353.333,3276.000,4048.000,42.600,N/A,4510.000,0.004401503480517535
2410.125,1989.000,674.762,927.333,1305.143,2210.000,77.500,N/A,4511.000,0.32127192368799073
2037.667,1491.429,542.833,670.800,875.800,1902.000,15.200,N/A,4512.000,0.36258285489926845
2760.500,3019.917,1968.667,2248.714,2254.000,2137.333,24.000,N/A,4513.000,0.1356441857599477
3156.750,2454.667,680.545,934.750,1362.857,2732.000,11.500,N/A,4514.000,0.43255397418567604
1733.000,1629.000,1564.000,1651.000,1658.000,1632.000,59.000,N/A,4515.000,0.05555482230534312
3073.250,2341.857,2935.750,2801.000,3010.000,3741.333,53.500,N/A,4517.000,0.022575123639439608
2590.600,2076.000,4384.000,3908.000,3828.000,4712.000,95.200,N/A,4518.000,0.004442473653947756
4858.000,3783.000,8984.000,8532.000,8040.000,7652.000,14.900,N/A,4519.000,0.01782325128287712
2463.625,1894.636,3567.333,3369.714,3264.333,3968.500,12.800,N/A,4520.000,0.001060203828162909
2957.000,2390.600,3960.000,3832.000,3872.000,4364.000,37.700,N/A,4521.000,0.0010290567161052692
2480.667,2111.250,4750.000,4570.000,4386.000,4599.000,16.400,N/A,4522.000,0.012672161084962552
2404.500,2217.000,3824.000,3729.000,3666.000,4302.000,13.100,N/A,4523.000,0.0012577973559830787
3062.000,2423.500,736.500,1177.000,1571.000,2602.667,10.300,N/A,4524.000,0.3490757042721652
1961.000,1324.353,821.319,1121.368,1243.130,2139.222,11.300,N/A,4525.000,0.15927779143862583
2335.154,2199.909,5264.667,4822.400,4824.000,5274.667,99.900,N/A,4526.000,0.021571001639826736
2192.667,2163.250,6277.000,5828.000,5720.000,5698.000,20.600,N/A,4527.000,0.05198371397525836
2192.667,2163.250,6277.000,5828.000,5720.000,5698.000,93.800,N/A,4528.000,0.05198371397525836
1967.000,1852.000,4856.400,4578.857,4286.429,4628.000,34.900,N/A,4529.000,0.032868921231369315
2118.917,1982.000,5915.300,5656.571,5542.667,5603.333,27.300,N/A,4530.000,0.053447197207833086
2143.857,1955.000,5339.200,5035.333,4904.000,5304.000,88.400,N/A,4531.000,0.03634140638508482
2549.500,2210.500,5205.333,4960.000,4885.500,5348.000,20.100,N/A,4532.000,0.016530614459864718
2316.000,1943.000,4182.667,3784.000,3688.000,4518.667,29.500,N/A,4533.000,0.006721889176667632
2026.000,1522.000,1444.667,1620.000,1476.000,3618.000,66.600,N/A,4534.000,0.1077142377101953
2725.500,2342.000,4316.000,4064.000,3984.000,4808.000,19.500,N/A,4535.000,0.0012079761732807694
2917.250,2475.000,5016.000,4540.000,4377.000,5016.000,90.500,N/A,4536.000,0.0042858564253185835
1988.000,1969.000,3781.000,3500.000,3478.000,4070.000,85.800,N/A,4537.000,0.006969664700655598
1364.375,1168.833,1437.636,1570.000,1440.909,1255.846,100.000,N/A,4538.000,0.03945050971644473
2151.750,1958.571,4889.333,4614.000,4550.000,4768.000,87.000,N/A,4539.000,0.025532505540301426
2277.000,2188.333,6928.000,6546.000,6586.500,6651.000,79.000,N/A,4540.000,0.06573295500289675
2261.833,2022.167,5317.667,4840.000,4795.200,5008.000,90.500,N/A,4541.000,0.02854254899683141
1953.500,1268.500,1284.000,1310.000,1233.000,3492.333,80.000,N/A,4542.000,0.14823802974264874
2667.333,2278.000,5394.000,5152.000,5006.000,5352.000,17.000,N/A,4543.000,0.01641247508270068
2101.000,1706.000,1363.000,1313.000,1509.333,2516.667,19.000,N/A,4544.000,0.10316079450628637
1575.400,1361.500,959.000,1060.000,1116.000,1497.000,13.000,N/A,4545.000,0.11287496633415067
2499.175,2326.250,7170.000,6418.000,6306.000,6066.000,11.800,N/A,4546.000,0.054604627665698534
2202.333,1936.667,5631.000,5418.000,5248.000,5706.000,13.900,N/A,4547.000,0.043750743501916114
2689.800,2072.000,6779.000,6329.000,6089.000,6118.000,13.800,N/A,4548.000,0.04898944021658257
2408.000,2198.000,7483.000,6825.000,6790.000,6668.000,17.900,N/A,4549.000,0.06992636049051149
2138.833,2139.000,7507.200,7204.000,7195.000,6946.000,27.400,N/A,4550.000,0.09087195734136605
2138.833,2139.000,7507.200,7204.000,7195.000,6946.000,20.100,N/A,4551.000,0.09087195734136605
2741.500,2509.600,7872.000,7388.000,7198.000,7102.000,17.600,N/A,4552.000,0.05815872132922022
2638.000,2479.000,2530.000,2376.000,2332.000,4246.000,36.000,N/A,4553.000,0.051876102267984094
2403.429,2394.125,7620.000,7232.083,7200.000,7127.500,21.400,N/A,4554.000,0.0705890630190216
2631.000,2352.000,4712.000,4295.000,4182.000,4714.000,26.400,N/A,4555.000,0.005199826598860992
2735.750,1954.625,919.750,1178.667,1302.000,3133.500,53.600,N/A,4556.000,0.27343272899840515
1956.000,1360.200,854.500,1045.600,1175.600,2520.444,37.700,N/A,4557.000,0.1822356525649397
2367.150,2082.833,5542.000,5144.800,5130.000,5528.000,35.200,N/A,4558.000,0.029793114238868847
2643.250,2384.000,4852.000,4460.000,4464.000,4966.000,90.600,N/A,4559.000,0.006246296797847668
2779.000,2429.250,4895.333,4626.000,4414.500,5278.000,12.000,N/A,4560.000,0.004897665299443986
2285.400,1511.400,691.938,953.440,1064.615,2912.250,38.400,N/A,4561.000,0.30644727758279694
2403.400,1770.571,827.350,1093.081,1469.852,2496.549,60.500,N/A,4562.000,0.23031410247621475
2593.143,2179.667,4891.000,4512.000,4356.000,4906.000,18.900,N/A,4563.000,0.009623259350755711
2573.500,2446.667,5221.333,4824.000,4816.000,5168.000,11.800,N/A,4564.000,0.0122302170590456
2666.000,2319.000,5068.000,4796.000,4510.000,4950.000,86.600,N/A,4565.000,0.010318695763574574
2470.667,2291.000,5028.000,4582.000,4424.000,4776.000,12.100,N/A,4568.000,0.012827963634377043
2647.500,2387.167,2688.000,2693.833,2954.000,3294.667,40.000,N/A,4570.000,0.021702501378840146
2805.400,2418.500,689.800,888.000,986.667,2866.000,56.000,N/A,4571.000,0.4545684016991497
2593.571,2193.500,7125.000,6640.000,6513.333,6692.000,81.200,N/A,4572.000,0.05544841189185521
3238.333,2682.500,1620.000,1882.000,2151.200,2920.667,16.300,N/A,4577.000,0.1515692051336754
3142.500,2527.000,2472.000,2614.000,2837.200,3520.000,40.000,N/A,4578.000,0.04648095858597222
2241.083,1961.000,4193.600,3920.000,3889.000,4434.667,31.900,N/A,4579.000,0.008312678126332108
2858.000,2504.000,4556.000,4204.000,4039.000,4602.000,24.200,N/A,4580.000,0.0023768314689215694
1754.167,1364.667,1931.500,1896.000,1772.750,2957.000,23.100,N/A,4581.000,0.01979758205733943
2323.625,2065.500,4914.667,4460.000,4385.333,4690.000,85.400,N/A,4582.000,0.017176402385418975
1699.833,1032.000,706.333,790.500,599.000,3106.250,18.600,N/A,4583.000,0.36525917156086435
2726.429,2292.333,5042.000,4797.000,4680.000,5036.000,15.900,N/A,4584.000,0.009572550101433507
2521.500,2193.250,1965.000,1864.000,1823.000,3537.600,22.200,N/A,4585.000,0.08447362288898022
3043.250,2443.667,5330.667,5016.000,4932.000,5269.333,56.900,N/A,4586.000,0.0074560110905107085
2736.000,2447.250,5171.200,4894.000,4908.000,5204.000,10.700,N/A,4587.000,0.00947950781705371
3216.143,3057.100,1736.500,1967.300,2114.552,2655.846,16.200,N/A,4588.000,0.16808940678231543
2207.125,1580.000,2307.000,2210.250,2137.500,3256.333,80.000,N/A,4589.000,0.017258464316268603
1912.500,1144.000,2802.500,2651.750,2587.500,3470.333,70.000,N/A,4590.000,0.013016567923392112
2205.900,1264.200,616.500,734.400,1086.333,3379.400,82.600,N/A,4591.000,0.38376175948087404
2175.688,1369.333,642.500,811.200,1115.000,3882.429,30.000,N/A,4592.000,0.39655141867349863
1788.333,1369.875,1568.000,1522.000,1544.000,3009.000,27.300,N/A,4593.000,0.05727636886741499
2904.000,2624.500,4042.000,3536.000,3602.000,4260.000,34.700,N/A,4595.000,0.005153453795020106
2309.667,1900.800,4194.000,3580.000,3205.000,4535.000,32.100,N/A,4598.000,0.010485337497574887
2285.400,1709.500,7400.000,7272.000,7190.667,6891.667,11.800,N/A,4599.000,0.10325037305518349
2547.800,2217.000,3341.500,3398.000,2886.000,4044.000,19.200,N/A,4600.000,0.005967057094181797
2059.312,1546.571,1200.667,1382.000,1346.667,4116.000,17.400,N/A,4602.000,0.1929932451560934
2248.800,2287.750,3086.000,3047.000,2946.000,3092.000,87.000,N/A,4603.000,0.010999777205575153
2063.333,1606.000,1497.000,1440.000,1191.333,3110.167,21.000,N/A,4604.000,0.12099228257127996
2767.000,2454.000,4684.000,4646.667,4588.000,5224.000,18.000,N/A,4605.000,0.0039972593321682785
2999.750,2382.667,4208.000,3905.000,3678.000,4484.000,22.300,N/A,4606.000,0.002189366237755841
2286.000,1669.000,3152.000,3040.000,2978.667,4571.667,56.500,N/A,4607.000,0.012343658827621581
3248.333,2418.500,3568.000,3502.000,3473.333,4016.000,15.800,N/A,4608.000,0.009811309003186856
2945.500,2480.000,2886.000,2602.000,2634.000,3616.000,30.000,N/A,4609.000,0.03314868671003589
3183.333,2707.000,4581.333,4452.000,4556.000,4846.000,28.000,N/A,4610.000,0.001314591917717925
3349.250,2546.000,4901.000,4442.000,4460.000,4974.000,30.000,N/A,4611.000,0.0023003521577126896
2997.333,2288.333,4496.000,4164.000,4188.000,4526.000,32.800,N/A,4612.000,0.002665852731502806
2980.167,2337.714,2555.500,2616.000,2472.000,3374.667,12.500,N/A,4613.000,0.04013314957349415
2992.333,2508.800,5667.333,5320.000,5418.400,5692.000,15.400,N/A,4614.000,0.011544966834831617
2787.667,2586.231,5072.000,4860.000,4766.667,5106.000,49.100,N/A,4615.000,0.006708468837189226
3392.875,2640.200,3163.000,3067.500,2886.000,4130.000,10.900,N/A,4616.000,0.03184607616080132
3548.625,2719.333,1691.000,1694.000,1990.000,3652.000,50.000,N/A,4617.000,0.18491578016259302
2480.500,2256.250,4064.000,3762.000,3352.000,4053.333,25.000,N/A,4618.000,0.004502411656720558
2348.000,2190.000,4692.000,4396.000,4288.000,4952.000,14.500,N/A,4619.000,0.011367956414307625
2415.500,2026.000,6307.750,6153.000,6169.333,5962.500,24.600,N/A,4620.000,0.053740841215711516
2224.800,1932.000,4566.000,3895.250,4026.000,4957.000,76.900,N/A,4621.000,0.015056128858316028
2092.000,1740.500,2285.500,2519.000,2643.000,2638.667,27.000,N/A,4622.000,0.010655715832783815
1996.000,1663.250,2299.500,2354.000,2406.833,2392.286,28.100,N/A,4623.000,0.011605934493014527
2547.000,2158.200,2246.333,2217.500,2316.500,2971.000,16.700,N/A,4624.000,0.03927173916244819
1803.000,1239.667,523.524,803.950,636.500,3089.000,15.400,N/A,4631.000,0.4235734071167511
1280.500,1100.000,757.000,791.500,731.250,876.500,14.700,N/A,4632.000,0.1681170236989764
2979.000,2212.000,4268.000,4176.000,3960.000,4844.000,30.000,N/A,4633.000,0.0016554089241780055
2681.917,2196.250,3808.000,3564.000,3397.000,4392.667,20.900,N/A,4634.000,0.0014321080851784876
2460.143,1956.600,4102.000,3784.000,3756.000,4461.333,14.200,N/A,4635.000,0.004033295349350935
3423.833,2907.500,2454.000,2527.500,2658.000,3265.500,17.200,N/A,4636.000,0.08070902931397295
3022.667,2398.500,6540.833,6204.000,6084.000,6398.000,97.800,N/A,4637.000,0.02707890424367775
2478.400,1834.125,5218.133,4964.800,4902.000,5537.000,57.600,N/A,4638.000,0.02847579722441513
2992.800,2396.000,5688.000,5333.333,5186.000,5689.667,10.700,N/A,4639.000,0.012618963429479945
2260.600,2134.167,4190.667,3936.000,3854.286,4435.636,28.000,N/A,4640.000,0.006249211049865392
2717.250,2565.000,5004.000,4593.333,4623.000,5074.000,54.000,N/A,4641.000,0.005957871825367521
3726.000,3318.800,1328.000,1600.516,2084.615,2646.800,98.000,N/A,4642.000,0.2866421094784306
2848.000,2639.200,3414.667,3217.500,3158.000,3963.000,33.900,N/A,4643.000,0.012378414434263098
2164.000,1800.500,3419.000,3228.000,2966.000,3798.000,47.500,N/A,4644.000,0.0024028831534917043
1935.000,1422.600,548.667,864.360,1054.500,1585.529,75.200,N/A,4645.000,0.276775353689582
1880.000,1537.000,1115.333,1439.500,1703.818,1825.111,68.100,N/A,4646.000,0.08693988705714871
2089.000,1561.500,986.429,1376.500,1394.800,2319.000,85.400,N/A,4647.000,0.13364012092584254
2774.500,2276.000,5961.500,5416.000,5308.000,5752.333,60.600,N/A,4648.000,0.021986047923980893
2812.500,2351.500,5728.000,5282.000,5322.000,5656.000,32.900,N/A,4649.000,0.016892077555612683
2812.500,2351.500,5728.000,5282.000,5322.000,5656.000,34.600,N/A,4650.000,0.016892077555612683
2579.667,2275.333,6118.667,5578.333,5703.000,5936.000,32.600,N/A,4651.000,0.03105282941771442
2234.500,1754.750,1566.000,1873.000,1942.667,2233.639,87.300,N/A,4652.000,0.05942082214324691
3026.667,2446.667,1049.364,1443.417,1955.455,2264.750,85.900,N/A,4653.000,0.24019805481581025
2832.000,2240.071,1508.308,1825.667,2141.500,2277.895,73.400,N/A,4654.000,0.1260904553311486
2849.250,2223.200,5122.000,4740.000,4823.000,5162.667,17.400,N/A,4655.000,0.009601515693614782
2527.667,2028.000,1466.250,1828.667,2132.667,2327.000,77.000,N/A,4656.000,0.09560916482124143
3295.722,2896.500,1723.000,2172.846,2588.154,3840.250,26.700,N/A,4657.000,0.12790488624191476
2485.400,2163.000,1293.000,1588.000,1896.250,1995.250,97.000,N/A,4658.000,0.14442847775131346
3335.000,2706.667,2511.000,2841.750,3102.667,3295.333,69.000,N/A,4659.000,0.05388147602920711
2532.667,2217.300,1291.200,1519.556,1677.800,1998.375,99.000,N/A,4660.000,0.16404568769802325
2504.500,2161.636,1568.526,1946.421,2133.538,2535.600,37.300,N/A,4661.000,0.08560843546302284
4338.800,4012.800,2083.857,2714.250,3420.000,3941.538,21.200,N/A,4662.000,0.15832988081813024
2827.500,2092.375,3281.000,3117.000,3013.000,3824.000,11.600,N/A,4663.000,0.00707345861041658
2810.000,2383.200,3232.000,3196.000,3299.667,3633.000,58.000,N/A,4664.000,0.009107042365241878
2189.500,1746.000,1756.571,2145.250,2393.500,2642.000,61.000,N/A,4665.000,0.03246693479291932
1550.917,1229.500,3430.000,2330.000,2509.000,2580.000,98.500,N/A,4666.000,0.03004996268423916
1947.000,1385.000,3375.000,3507.000,3690.667,3997.333,69.500,N/A,4667.000,0.01922248984936918
2702.625,2297.333,6105.714,5521.333,5600.500,5915.000,76.000,N/A,4668.000,0.02630783650181882
1108.000,1072.000,2942.000,2750.000,2736.000,2496.000,80.400,N/A,4669.000,0.04597306467869139
2286.000,2109.500,4452.000,4114.000,3968.000,4438.000,34.800,N/A,4670.000,0.00950590390548659
2125.333,1963.000,4144.667,3804.000,3713.333,4088.533,81.800,N/A,4671.000,0.00960153680764715
2320.333,2141.167,4560.000,4092.167,3875.000,4793.667,80.500,N/A,4672.000,0.00962579279640168
2412.750,2363.500,4174.667,3686.000,3690.667,4128.000,50.000,N/A,4673.000,0.0043326904074773315
2306.500,1958.500,4324.000,4124.000,4194.500,4822.000,82.700,N/A,4674.000,0.01091615670231261
2590.667,1950.250,4682.000,4174.000,4238.667,4960.000,15.700,N/A,4675.000,0.01023159966625338
3293.250,2994.333,1508.000,2007.714,2380.167,2714.750,90.000,N/A,4676.000,0.17586666723137723
2255.542,2164.500,6931.000,6489.333,6560.000,6944.000,21.000,N/A,4677.000,0.06690141776943538
2442.500,2254.000,6211.000,5790.400,5912.000,6242.000,81.000,N/A,4678.000,0.03933900506852657
2502.000,2064.333,7316.000,6882.667,6953.333,7116.000,56.000,N/A,4679.000,0.07016626105481752
1741.000,1497.000,3892.000,3816.000,3735.200,4938.667,19.600,N/A,4680.000,0.03609262963571391
3351.667,3036.800,2518.000,2902.286,3240.000,3348.000,98.000,N/A,4688.000,0.0634168096241709
2576.308,1778.000,833.909,1192.000,1316.750,3417.778,42.600,N/A,4707.000,0.2765030021361795
3021.500,2640.333,3124.000,3484.000,3620.000,4208.000,40.800,N/A,4723.000,0.01249748250085788
2673.250,2131.857,1053.400,1443.143,1632.500,2786.500,12.700,N/A,4724.000,0.19645689273864358
2222.111,1742.875,3416.000,3364.000,3498.000,3936.000,20.000,N/A,4725.000,0.002867938068465503
2466.087,1866.182,4392.000,3913.333,3812.000,4124.000,10.000,N/A,4726.000,0.009813573786462967
2450.000,2287.400,1187.750,1432.500,1745.200,2069.500,16.600,N/A,4727.000,0.17603267951066848
2121.750,1811.000,4488.333,3967.000,3808.000,4586.667,21.000,N/A,4728.000,0.017474730569655237
2253.333,1456.444,1780.000,1767.000,1803.000,4112.000,20.000,N/A,4729.000,0.0906441926865934
2511.500,1889.500,6446.000,6062.000,6017.000,6063.250,11.200,N/A,4730.000,0.05476084053919018
2442.375,2286.667,6168.000,5649.000,5657.000,6154.000,58.000,N/A,4731.000,0.0355564509732684
2491.000,2186.000,4306.000,3996.000,3956.000,5308.000,13.600,N/A,4732.000,0.00715454550320843
2284.333,2149.167,4815.000,4399.000,4413.000,4830.400,47.300,N/A,4733.000,0.015055197988450725
1560.500,1386.500,3137.500,2961.500,2892.000,3909.500,86.600,N/A,4734.000,0.019466072081841257
2580.500,1956.750,4833.333,4222.000,4327.000,4905.000,11.200,N/A,4735.000,0.012077921168150797
2063.400,1653.000,3817.333,3537.333,3671.333,4446.250,11.000,N/A,4736.000,0.012678088174824076
1866.000,1535.000,3250.000,3109.250,3109.000,3881.333,87.200,N/A,4737.000,0.008034047305953002
2227.667,2280.000,3728.000,3484.000,3486.000,3740.000,18.400,N/A,4738.000,0.00464472984041164
1643.667,1620.000,3914.400,3926.000,3804.000,3904.000,20.000,N/A,4739.000,0.03160311326246102
2330.778,1955.900,6197.000,5951.333,6089.000,6296.429,35.000,N/A,4740.000,0.05535384583856212
2100.000,1763.000,6227.000,5686.000,5858.000,6053.500,89.500,N/A,4741.000,0.06922495742361404
1793.000,1697.550,4427.000,4326.500,4461.667,4810.500,11.400,N/A,4742.000,0.03873310028143024
1988.000,1576.000,4589.500,4320.400,4408.000,5276.667,18.400,N/A,4743.000,0.03892293309043161
1446.333,1376.000,6180.000,5666.857,5675.000,5983.429,95.400,N/A,4744.000,0.1310500359488689
1526.000,1282.000,2731.000,2678.000,2660.333,3364.000,61.000,N/A,4745.000,0.011023017459447497
1734.750,1762.500,6715.000,6500.500,6447.000,6523.000,89.800,N/A,4746.000,0.10967348030307786
1958.500,1806.000,4822.667,4502.000,4656.000,5116.000,69.500,N/A,4747.000,0.035986682771002115
1736.000,1546.500,4220.000,3896.000,3944.000,4490.000,26.100,N/A,4748.000,0.03478231000380877
1517.800,1416.000,5278.000,4820.000,4832.000,4719.500,21.500,N/A,4749.000,0.08941858467137187
1689.083,1618.500,4306.000,4117.000,4240.000,4444.000,33.000,N/A,4750.000,0.04013156852987656
1634.500,1498.250,3684.000,3280.000,3170.714,3373.000,96.800,N/A,4751.000,0.02175501844640422
1795.000,1829.000,6510.000,6128.750,6148.000,6405.750,12.700,N/A,4752.000,0.09341481570955233
1543.000,1554.000,5786.000,5356.000,5272.000,5308.000,87.700,N/A,4753.000,0.0981415476724291
1757.000,1678.750,3459.333,3304.000,3250.000,3672.000,80.700,N/A,4754.000,0.010457254258991777
2028.200,1694.000,4742.000,4375.000,4218.750,4573.667,86.300,N/A,4755.000,0.03138198831789254
2205.000,1921.833,6060.000,5789.333,5670.667,5849.917,83.700,N/A,4756.000,0.05545035836523664
1633.000,1619.000,5515.000,5335.200,5285.333,5272.000,99.600,N/A,4757.000,0.08429183695385586
1987.000,1836.333,5057.000,4972.000,4908.000,5353.500,91.100,N/A,4758.000,0.042847677909107915
1820.000,1644.800,5856.667,5479.500,5349.250,5917.000,25.100,N/A,4759.000,0.0785276290796218
2266.550,1958.714,4285.333,4176.667,4248.000,4760.000,71.000,N/A,4760.000,0.011896134787636518
1982.078,1981.726,3420.000,3175.500,3020.000,3368.000,93.300,N/A,4761.000,0.0050679049373565654
2512.000,2004.667,4768.000,4516.000,4448.000,4766.667,38.000,N/A,4762.000,0.013347761570204474
2452.000,1872.000,5260.000,5008.000,5137.333,5734.000,42.300,N/A,4763.000,0.030501784515865844
1664.300,1518.667,3408.750,3262.667,3224.000,3822.000,34.600,N/A,4764.000,0.015979985108377646
2095.250,2028.000,5011.750,4546.769,4668.000,5290.667,98.700,N/A,4765.000,0.027722455299792947
2470.250,1649.200,8525.333,8070.000,8421.667,8285.500,100.000,N/A,4766.000,0.12672846925259595
1389.929,1453.938,6842.222,6301.857,6560.000,6673.714,95.500,N/A,4767.000,0.15725886046785842
2221.200,1704.500,3306.000,3022.000,2926.667,4283.250,80.000,N/A,4768.000,0.007358746964918568
2592.125,2130.125,5254.000,5104.000,4940.000,5250.000,43.500,N/A,4769.000,0.0191758230491654
1486.667,1233.000,2841.000,2616.000,2456.667,3524.000,13.200,N/A,4770.000,0.017589716024137447
1998.500,1650.667,8284.000,7871.667,7999.333,7845.667,76.400,N/A,4771.000,0.1439660772755414
1502.667,1335.500,3090.000,3114.000,2925.000,3596.000,48.800,N/A,4772.000,0.020156937625097585
1190.750,846.000,1619.000,1570.714,1372.000,2414.750,20.500,N/A,4773.000,0.02037618640373536
2411.750,1777.333,4986.000,4700.000,4722.667,5082.000,11.100,N/A,4774.000,0.026186157909397396
1494.000,1216.125,3161.667,2851.000,2757.667,3346.000,18.700,N/A,4775.000,0.020795534004386898
1860.333,1394.250,3001.333,2920.000,2906.667,4464.000,95.000,N/A,4776.000,0.022357200287961183
1552.833,1440.750,3464.000,3316.000,3305.000,4038.000,40.000,N/A,4777.000,0.026019033862132064
2478.833,2385.444,3608.000,3323.000,3350.600,3802.000,80.000,N/A,4778.000,0.0038452668745486626
1709.000,1683.000,4672.000,4322.667,4140.000,4216.000,40.000,N/A,4779.000,0.04428551418300958
1650.000,1678.500,4654.000,4336.000,4181.000,4388.000,56.000,N/A,4780.000,0.047017688424193724
1675.500,1685.667,4558.667,4320.800,4144.000,4242.000,58.000,N/A,4781.000,0.04393806681468735
2673.000,2167.000,4957.000,5152.000,5360.500,5469.500,19.000,N/A,4888.000,0.01805654455756021
2630.375,2356.200,4393.000,4365.500,4492.250,4762.000,20.300,N/A,4889.000,0.004224339854452229
1297.600,1259.571,4466.000,4408.000,4452.000,4655.750,89.800,N/A,4890.000,0.09374375827225881
2374.667,2091.250,3688.000,3452.000,3348.000,4554.000,45.600,N/A,4892.000,0.003215672995458661
2604.000,2184.333,2442.000,2496.000,2356.000,3729.600,58.500,N/A,4893.000,0.032449120053086915
2574.333,1639.750,2214.000,2293.000,1882.000,4256.000,44.500,N/A,4894.000,0.06570623068172471
1969.333,1058.000,949.000,1129.333,917.500,4113.000,35.100,N/A,4895.000,0.30834541322276043
1409.500,1423.286,6303.000,5976.500,5990.167,6301.333,81.100,N/A,4896.000,0.14015325208085966
2742.500,2246.150,1071.778,1274.143,1465.625,3116.400,12.500,N/A,4897.000,0.24009439783771486
3955.333,3182.500,668.611,1127.067,2536.278,2973.292,1.123,N/A,4900.000,0.4625012589572132
3955.333,3182.500,668.054,1110.235,2569.766,3035.684,8.126,N/A,4903.000,0.4636146569586339
3764.444,3039.233,738.781,1117.652,2138.000,2557.707,42.731,N/A,4904.000,0.4396498622149073
3476.667,2848.667,669.591,1044.286,2002.438,2567.800,1.266,N/A,4905.000,0.43776011176519325
3281.600,2625.450,666.143,1054.471,1938.364,2521.750,5.437,N/A,4906.000,0.4053998992805901
3626.429,2828.250,735.667,1111.263,2142.786,2780.909,1.530,N/A,4908.000,0.40849736115597496
1777.500,1137.500,4818.000,4352.000,4336.000,4766.000,10.000,N/A,4909.000,0.07463954789894506
204.667,185.500,479.286,283.250,222.750,229.200,1.250,N/A,4912.000,0.09624705156828123
204.667,185.500,479.286,283.250,222.750,229.200,1.030,N/A,4913.000,0.09624705156828123
204.667,185.500,479.286,283.250,222.750,229.200,1.520,N/A,4914.000,0.09624705156828123
4177.000,2929.100,788.364,1245.300,2139.929,2660.000,1.540,N/A,4915.000,0.430446428934288
402.500,363.833,677.400,541.667,544.500,448.833,2.100,N/A,4918.000,0.032767064765369475
402.500,363.833,677.400,541.667,544.500,448.833,2.100,N/A,4919.000,0.032767064765369475
4513.250,3646.000,633.325,1062.333,2174.044,2912.000,2.230,N/A,4920.000,0.5743321952811902
4513.250,3646.000,633.325,1062.333,2174.044,2912.000,2.230,N/A,4921.000,0.5743321952811902
3498.000,2416.000,874.500,1193.143,1626.333,2644.500,1.700,N/A,4923.000,0.34871162498798086
3656.000,2579.000,955.091,1205.333,1634.000,2656.133,95.300,N/A,4924.000,0.3557974593852173
3656.000,2579.000,955.091,1205.333,1634.000,2656.133,19.300,N/A,4925.000,0.3557974593852173
3656.000,2579.000,955.091,1205.333,1634.000,2656.133,91.200,N/A,4926.000,0.3557974593852173
1293.000,747.600,2685.500,2371.333,2366.000,2977.500,25.000,N/A,4936.000,0.04355203967938239
339.000,328.000,667.333,602.200,422.667,483.167,2.000,N/A,4939.000,0.03564646370416699
2877.000,1997.714,830.333,1077.667,1370.000,3557.000,64.000,N/A,4946.000,0.3298158740798077
2208.769,1654.333,697.750,964.909,1079.727,4016.000,25.000,N/A,4947.000,0.37833290127911207
2250.750,1637.500,1437.000,1722.000,1818.000,3513.500,27.000,N/A,4948.000,0.09181614280278899
2082.917,1475.000,627.750,829.100,917.250,3291.800,27.000,N/A,4950.000,0.3752128862449471
1582.750,1165.375,1984.167,1961.000,2082.000,3164.800,27.000,N/A,4951.000,0.016086764371633144
1973.500,2004.500,7202.000,6640.000,6509.000,6458.000,19.000,N/A,4954.000,0.0917066892062848
2033.667,1357.167,923.286,1045.333,1246.000,3359.000,27.300,N/A,4955.000,0.22135895210941653
2404.100,2126.400,2218.000,2138.500,2035.000,2776.000,51.400,N/A,4956.000,0.04406364304166486
2286.500,1773.667,5430.667,5312.000,5537.500,5912.000,41.000,N/A,4957.000,0.046781790658219066
1968.600,1417.500,1052.000,1190.750,1388.000,3550.000,27.300,N/A,4958.000,0.1816690673502064
2324.333,1711.000,4874.000,4486.000,4324.000,4874.000,19.200,N/A,4959.000,0.0255236592115635
2313.250,1881.750,7504.000,7328.000,7440.000,7098.000,33.000,N/A,4960.000,0.09635948716945474
2078.545,1328.750,1859.556,1919.250,1896.667,4547.000,9.400,N/A,4962.000,0.09419961110912123
2575.667,2191.964,4176.000,4072.000,3790.667,4432.000,90.200,N/A,4964.000,0.002646440782052965
4884.000,4146.000,1119.680,1752.148,2916.667,3566.000,16.500,N/A,4989.000,0.3778809948161872
2579.000,2046.333,1896.800,2017.333,2094.000,3038.000,25.000,N/A,4992.000,0.05976250769803854
2364.500,1889.500,1306.000,1564.000,1710.000,2125.000,18.000,N/A,5003.000,0.1158484079372067
1615.250,1045.500,679.375,930.333,1145.100,2527.500,1.400,N/A,5006.000,0.1908323470734131
2082.400,1842.500,4812.000,4686.000,4888.000,5276.000,21.000,N/A,5008.000,0.0337865797376609
533.000,510.833,898.250,879.833,603.000,604.000,1.000,N/A,5021.000,0.046636330139224996
467.500,306.000,1320.571,1802.000,2001.333,1032.000,17.400,N/A,5025.000,0.20097519108994683
3493.000,2586.500,6812.000,6554.000,6569.333,7082.000,24.100,N/A,5027.000,0.020653155826723415
2031.857,2035.500,7464.000,7268.000,7138.667,6805.333,34.500,N/A,5028.000,0.1009601331130493
1619.800,1685.600,8988.000,8992.000,9180.000,8682.000,25.500,N/A,5029.000,0.1979252922044573
1745.000,1729.000,8808.000,8287.000,8416.000,7900.000,93.000,N/A,5030.000,0.17004299438377662
1821.875,1827.667,7458.333,7000.667,7127.000,6819.333,82.200,N/A,5031.000,0.12063705401152297
2192.333,2262.600,6166.000,6018.000,6100.000,6054.000,90.400,N/A,5032.000,0.051943100256365025
2017.833,2031.000,7266.667,7260.000,7488.000,7478.400,16.000,N/A,5033.000,0.10272429043826542
2523.286,2475.667,8672.000,8281.333,8230.875,7842.000,85.000,N/A,5034.000,0.08786107308473992
2523.286,2475.667,8672.000,8281.333,8230.875,7842.000,15.000,N/A,5035.000,0.08786107308473992
2411.500,1993.000,2872.000,2772.500,2849.500,3203.000,36.100,N/A,5036.000,0.006473194392900023
2454.333,2057.500,2854.000,2779.000,2723.000,3464.000,32.900,N/A,5037.000,0.007967129189518904
1947.500,1773.000,3820.000,3587.333,3534.000,4087.000,75.800,N/A,5038.000,0.010814063399896184
2366.000,2114.500,7720.000,7490.667,7452.000,7170.000,100.000,N/A,5039.000,0.08719979156488158
1634.250,1546.250,6294.000,5964.000,6091.500,6267.000,25.000,N/A,5040.000,0.11433583485337173
2951.000,2536.500,5628.000,5309.000,5111.500,5711.667,96.370,N/A,5046.000,0.010346240755023781
3418.667,2871.500,6744.000,6220.000,5992.000,6332.000,88.300,N/A,5047.000,0.014129892997463155
2798.750,2321.750,5452.000,5320.000,5126.000,5572.000,87.430,N/A,5048.000,0.014919440419911008
2884.000,2475.200,5974.000,5656.000,5416.000,5790.000,87.060,N/A,5049.000,0.018050853452554375
2923.000,2459.167,4824.000,4772.000,4680.000,5780.000,75.500,N/A,5050.000,0.004629915551012553
2832.000,2188.500,5914.667,5908.000,5540.000,5776.000,59.260,N/A,5051.000,0.027330276369371378
3149.500,2800.500,4828.500,4627.000,4832.000,4934.000,44.120,N/A,5052.000,0.00260832131414311
2592.000,2094.667,6368.000,6058.000,6031.667,5933.333,38.170,N/A,5053.000,0.044325358141786494
3018.750,2683.333,4560.000,4661.000,4465.000,5337.333,35.170,N/A,5054.000,0.0009501278344541868
3406.000,3054.500,6312.000,6065.000,5928.000,6299.000,33.970,N/A,5055.000,0.008551028447247266
3090.000,2555.000,5207.000,5252.000,5104.000,5457.500,32.280,N/A,5056.000,0.0062233271070098566
3214.500,2667.000,4700.000,4625.000,4636.000,4896.000,30.970,N/A,5057.000,0.001751387464946488
2563.558,1773.250,5065.000,4831.000,4972.000,5828.500,30.530,N/A,5058.000,0.02846355712291682
3286.833,2702.000,7009.000,6836.000,6822.000,6728.000,26.770,N/A,5059.000,0.026701916549414558
3169.333,2708.700,4862.000,4682.000,4517.667,4748.500,26.460,N/A,5060.000,0.0035865369818977207
2867.500,2413.333,5034.667,4530.667,4524.000,5324.000,24.420,N/A,5061.000,0.004832242058704495
3290.400,2898.000,5960.000,5656.000,5568.000,6093.333,23.090,N/A,5062.000,0.006735061786722096
3580.000,3156.000,4468.000,4232.000,4308.000,4822.000,22.960,N/A,5063.000,0.007192328685349733
3580.000,3156.000,4468.000,4232.000,4308.000,4822.000,22.050,N/A,5064.000,0.007192328685349733
2923.250,2474.000,5572.000,5116.000,4774.667,5260.000,21.760,N/A,5065.000,0.010966783167291947
2581.000,2266.000,5576.000,5648.000,5712.000,6012.000,21.550,N/A,5066.000,0.02733948109868225
3580.000,3156.000,4468.000,4232.000,4308.000,4822.000,20.790,N/A,5067.000,0.007192328685349733
3100.250,2445.667,5319.000,5258.000,5308.000,5466.000,20.230,N/A,5068.000,0.008853254909917192
3253.333,2643.250,4904.000,4806.000,4868.000,4876.000,20.220,N/A,5069.000,0.0038336275371493355
3340.500,2970.875,2380.000,2491.500,2707.000,3432.000,18.870,N/A,5070.000,0.08049129092960083
2572.333,1836.000,6148.000,5864.000,6312.000,6640.000,18.460,N/A,5071.000,0.05361773972201442
3125.500,2594.875,4570.000,4409.000,4495.500,5201.000,18.120,N/A,5072.000,0.00015003942012986127
2775.250,2008.333,4738.000,4502.000,4490.000,4808.750,17.290,N/A,5073.000,0.009780158574519564
3125.500,2594.875,4570.000,4409.000,4495.500,5201.000,16.920,N/A,5074.000,0.00015003942012986127
2862.000,2485.000,6254.667,5748.000,5808.000,6180.000,14.820,N/A,5075.000,0.02222059640888403
3154.000,2387.400,4604.000,4574.000,4364.000,5020.000,14.740,N/A,5076.000,0.0017904295326041045
2929.000,2282.500,6312.000,5902.667,5888.000,5788.000,12.890,N/A,5077.000,0.02855219161978065
3028.333,2649.375,4431.000,4270.000,4468.000,4680.000,12.880,N/A,5078.000,0.0015790111929582314
3112.750,2491.625,4847.250,4589.667,4674.667,5126.000,12.580,N/A,5079.000,0.0020117838618476666
3182.750,2708.600,4426.000,4336.000,4445.000,4880.000,12.550,N/A,5080.000,0.000742617318654974
3251.444,2824.333,2974.000,3297.000,3558.000,4012.000,11.990,N/A,5081.000,0.025688434872921505
2576.333,2383.000,5729.500,5532.500,5432.000,5580.000,11.940,N/A,5082.000,0.024032542353241322
2637.500,2405.500,5675.750,5295.250,5388.000,5636.000,11.940,N/A,5083.000,0.01960273866427495
2576.000,2254.667,6566.667,6168.000,6106.000,6224.333,11.810,N/A,5084.000,0.04265699032217968
2703.250,1874.000,4168.000,3836.000,3760.000,4680.000,11.760,N/A,5085.000,0.005401326646263527
2977.000,2254.500,5158.000,5244.500,5029.000,5431.250,11.430,N/A,5086.000,0.011155154117448378
2949.125,2465.500,3372.000,3436.000,3522.000,5519.867,11.380,N/A,5087.000,0.017529160291583065
2740.000,2386.667,4908.000,4636.000,4720.000,5172.000,10.950,N/A,5088.000,0.006357390649736911
3580.000,3156.000,4468.000,4232.000,4308.000,4822.000,10.850,N/A,5089.000,0.007192328685349733
2303.500,2081.500,4267.667,4185.667,4348.000,4743.000,10.560,N/A,5090.000,0.009772241716700105
3264.607,2603.500,2949.000,3258.667,3468.000,4028.000,10.380,N/A,5091.000,0.022293482140921052
2890.500,2376.250,4985.800,4777.167,4914.000,5312.000,10.340,N/A,5092.000,0.006287029661965088
2666.000,2063.500,5058.000,4876.000,4948.000,5292.000,9.810,N/A,5093.000,0.016036967791268054
3010.250,2762.667,5400.000,5222.667,5194.667,5418.000,9.770,N/A,5094.000,0.006829064859326576
2736.200,2353.333,5426.400,5366.000,5404.000,5465.750,9.670,N/A,5095.000,0.017467497482486508
2742.333,2125.667,4810.000,4668.000,4776.000,5180.000,9.660,N/A,5096.000,0.009856755439165574
3408.333,3028.333,5592.000,4922.000,4513.500,4594.000,9.160,N/A,5097.000,0.013176340034685069
3311.333,2897.500,5318.000,5474.000,5394.000,5782.000,8.750,N/A,5098.000,0.0035495577302779345
2412.167,1805.600,5892.000,5635.000,5701.000,6024.000,8.660,N/A,5099.000,0.04948170689031849
3026.000,2632.500,5428.000,5252.000,5116.000,5537.000,8.570,N/A,5100.000,0.007092277626256083
3187.000,2851.250,4677.333,4516.000,4376.000,4849.000,8.350,N/A,5101.000,0.002134100966893258
2738.667,2387.000,4165.333,4122.000,4262.000,4924.000,7.650,N/A,5102.000,0.0010407858204171559
3046.667,2486.667,5028.000,4892.000,4876.000,5208.000,7.610,N/A,5103.000,0.004547664543655206
2642.000,1958.500,4686.000,4508.000,4138.000,5032.000,6.770,N/A,5104.000,0.011130680484563296
3322.000,2866.500,4856.000,4900.000,4513.000,5192.000,6.580,N/A,5105.000,0.0017115688118749714
3392.000,2998.333,5940.000,5911.667,5904.000,6212.000,6.560,N/A,5106.000,0.006722353578929183
2129.857,1899.500,3620.000,3544.000,3480.000,4036.000,6.260,N/A,5107.000,0.0036818711690557162
2849.833,2220.750,4015.500,3976.500,3946.000,4247.000,6.230,N/A,5108.000,0.0016264736791104465
2657.500,2227.500,4526.000,4452.000,4318.000,5188.000,6.120,N/A,5109.000,0.005384460338033286
3177.857,2326.250,2494.500,2665.500,2810.000,3374.000,5.910,N/A,5110.000,0.041775795285965915
3024.000,2578.250,5850.000,5599.750,5560.000,6050.000,5.660,N/A,5111.000,0.012713341666455123
2993.000,2576.000,6036.000,5772.000,5636.000,5911.000,5.630,N/A,5112.000,0.016268075662472348
3051.000,2549.000,4648.000,4460.000,4488.000,5168.000,5.600,N/A,5113.000,0.0006421169581011122
3089.000,2663.000,5580.000,5286.000,5488.000,5544.000,5.590,N/A,5114.000,0.008717736955159804
2867.500,2413.333,5034.667,4530.667,4524.000,5324.000,5.400,N/A,5115.000,0.004832242058704495
3114.000,2514.750,3783.000,3956.000,3650.000,4236.000,5.320,N/A,5116.000,0.004820104976767242
3094.429,2698.000,5026.000,4924.000,4904.000,5591.200,5.090,N/A,5117.000,0.002226412472532362
3438.000,2889.333,3191.000,3018.000,3143.000,3900.000,4.990,N/A,5118.000,0.03599800951062684
2922.000,2208.000,4080.000,3840.000,3896.000,4124.000,4.770,N/A,5119.000,0.002750496864113242
2783.250,1996.667,5333.667,5058.000,5112.000,5364.000,4.760,N/A,5120.000,0.02020504344050845
3081.000,2348.385,5608.000,5580.000,5424.000,5788.000,4.690,N/A,5121.000,0.013985504021970331
2834.500,2388.667,5432.000,5464.000,5316.000,5256.000,4.620,N/A,5122.000,0.01646318681199883
3177.857,2326.250,2494.500,2665.500,2810.000,3374.000,4.560,N/A,5123.000,0.041775795285965915
3060.500,2022.667,3800.000,4058.500,4020.000,4552.000,4.470,N/A,5124.000,0.004040846071405162
2974.667,2456.000,5063.667,4808.000,4872.000,5304.000,4.460,N/A,5125.000,0.0049640048921875506
3253.000,2482.800,2254.000,2374.000,2540.000,3022.000,4.320,N/A,5126.000,0.07352578517169209
3067.250,2323.875,5482.500,5122.000,4704.667,5558.000,4.300,N/A,5127.000,0.009930282026666345
2746.500,2446.500,4099.000,3911.000,4452.000,4314.000,4.280,N/A,5128.000,0.0038566074194152844
2696.667,2034.000,6298.667,6084.000,6076.000,6452.000,4.240,N/A,5129.000,0.04245461600217233
3231.500,2553.000,4464.000,4316.000,4140.000,5004.000,4.130,N/A,5130.000,0.0007827846127478329
3444.333,3026.667,3219.500,3222.000,3184.000,3987.000,4.080,N/A,5131.000,0.03525309912076503
3121.000,2539.444,1666.000,1748.750,1965.000,2797.500,3.960,N/A,5132.000,0.14872664491112872
2994.600,2350.500,5492.000,5023.000,5222.000,5404.000,3.780,N/A,5133.000,0.011219342824678773
3121.000,2539.444,1666.000,1748.750,1965.000,2797.500,3.740,N/A,5134.000,0.14872664491112872
2712.667,2145.167,6176.000,5848.000,5636.000,5944.000,3.690,N/A,5135.000,0.033114140476342965
2742.333,2125.667,4810.000,4668.000,4776.000,5180.000,3.680,N/A,5136.000,0.009856755439165574
2993.000,2576.000,6036.000,5772.000,5636.000,5911.000,3.490,N/A,5137.000,0.016268075662472348
3272.000,2730.667,4579.667,4358.000,4447.000,4824.000,3.290,N/A,5138.000,0.0014620211433193173
3046.000,2391.333,5136.000,5028.000,5035.000,5630.000,3.280,N/A,5139.000,0.0065709904268518235
3037.952,2098.917,4948.000,4804.000,4702.000,5316.000,3.280,N/A,5140.000,0.008909660166385742
2987.500,2262.000,5451.200,5305.333,5180.000,5354.333,3.020,N/A,5141.000,0.014128158719761835
3546.571,3084.667,6282.000,5988.000,5956.000,6132.000,3.010,N/A,5142.000,0.007196412638770307
3177.000,2683.500,6359.500,6032.000,6152.000,6516.000,2.930,N/A,5143.000,0.01640677773232506
2805.500,2353.667,4976.000,4908.000,4626.000,5012.000,2.910,N/A,5144.000,0.008049436187206356
3066.600,2618.500,5562.250,5326.000,5310.000,5616.000,2.840,N/A,5145.000,0.008332834481925082
2770.889,2384.600,4258.000,4196.000,4115.667,4608.000,2.730,N/A,5146.000,0.0011361965042529748
2862.400,2441.667,4745.000,4432.500,4376.000,4991.000,2.720,N/A,5147.000,0.0025959473421470827
2705.250,1879.000,4784.000,4447.500,4364.000,5044.000,2.710,N/A,5148.000,0.013053533227810235
2703.000,1945.500,3784.000,3741.000,4064.000,4424.000,2.620,N/A,5149.000,0.0031509592916977355
3375.000,2866.000,5942.667,5910.000,5840.000,6040.000,2.620,N/A,5150.000,0.008285878325274016
3065.750,2701.500,4734.667,4538.667,4546.333,5110.000,2.600,N/A,5151.000,0.0008795269990017361
2820.125,2386.667,6686.667,6277.000,6167.000,6332.000,2.580,N/A,5152.000,0.034440065546749804
3108.000,2771.333,4770.000,4664.000,4784.000,5074.000,2.580,N/A,5153.000,0.0016541645785920105
3155.625,2593.250,2494.000,2680.000,2835.000,3582.000,2.560,N/A,5154.000,0.04669871319803112
2976.667,2429.667,5963.000,5738.000,5770.000,5788.500,2.560,N/A,5155.000,0.019371739640008843
2880.000,2586.500,4716.000,4586.000,4588.000,4801.750,2.540,N/A,5156.000,0.0034780086738698365
2433.000,1883.500,3616.000,3548.500,3707.500,4310.000,2.540,N/A,5157.000,0.0022456724806645366
2569.000,2383.400,4864.000,4708.000,4812.000,5184.000,2.490,N/A,5158.000,0.009602955889419099
2515.200,1933.500,4704.000,4792.000,4456.000,4692.000,2.480,N/A,5159.000,0.017222293214149316
3347.000,2866.400,5464.000,5216.000,5116.000,5464.000,2.450,N/A,5160.000,0.0034721163774664617
2911.778,2130.667,5051.250,4930.000,4864.500,5344.000,2.420,N/A,5161.000,0.011031464930563058
2719.500,2236.214,5243.333,5173.000,5208.000,5769.000,2.410,N/A,5162.000,0.01601074407182808
2865.500,2418.500,4204.000,3460.000,3352.000,4976.000,2.390,N/A,5163.000,0.008631250406527837
2568.000,2262.750,5609.500,5264.000,5196.000,5654.000,2.380,N/A,5164.000,0.02198868227556258
2637.000,1950.250,6154.000,5948.000,5830.000,5510.000,2.360,N/A,5165.000,0.04533095216044543
3112.667,2737.500,5906.000,5516.000,5453.333,6052.000,2.350,N/A,5166.000,0.00916568592199545
3393.500,2969.000,5212.000,4974.000,4782.000,5618.000,2.330,N/A,5167.000,0.000979437256106975
3164.333,2674.800,5112.000,4788.000,4822.000,5324.000,2.300,N/A,5168.000,0.002179924486614077
2411.000,2063.250,4168.000,4064.000,4134.000,4744.000,2.290,N/A,5169.000,0.005891466742865807
3089.600,2420.500,2824.000,2900.000,3012.000,3716.000,2.230,N/A,5170.000,0.0250914957959028
3310.750,2793.750,4140.000,4114.667,4044.000,4326.500,2.170,N/A,5171.000,0.006311980473664679
2937.500,2608.667,5492.000,5254.000,5346.000,5689.000,2.160,N/A,5172.000,0.00933514880406204
2411.000,2063.250,4168.000,4064.000,4134.000,4744.000,2.160,N/A,5173.000,0.005891466742865807
2794.667,2545.250,4800.000,4394.000,4379.000,4676.000,2.140,N/A,5174.000,0.00440732664839563
3138.750,2514.250,5432.000,5308.000,5332.000,5800.000,2.130,N/A,5175.000,0.007613369632860436
2846.167,2424.500,4100.000,4169.333,4266.250,4759.000,2.120,N/A,5176.000,0.0005567645509969407
3620.000,3176.667,4072.000,3926.667,4220.000,4684.000,2.100,N/A,5177.000,0.012350023989574271
3051.000,2740.333,5124.000,4822.000,4884.000,4872.000,2.080,N/A,5178.000,0.005710933584294855
2706.500,2181.875,4896.000,4812.000,4930.667,5116.000,2.080,N/A,5179.000,0.011666722349552652
3147.000,2629.333,5265.333,5222.000,5156.000,5152.000,2.040,N/A,5180.000,0.007058112111846423
2750.875,2380.500,5730.000,5584.000,5380.000,5726.000,2.010,N/A,5181.000,0.01969856829186495
3136.000,2766.667,5476.000,5216.000,5234.000,5196.000,2.010,N/A,5182.000,0.007522085440546598
3068.444,2671.000,4353.000,4221.500,4378.667,4756.000,2.010,N/A,5183.000,0.000903212964591559
3046.000,2391.333,5136.000,5028.000,5035.000,5630.000,2.000,N/A,5184.000,0.0065709904268518235
2723.000,2328.333,4768.000,4449.500,4228.000,4892.000,1.990,N/A,5185.000,0.004976856360542632
3507.667,3154.667,3867.000,3880.000,4152.000,4420.000,1.980,N/A,5186.000,0.014679176998764726
2990.333,2571.571,6186.667,5828.667,5900.000,6176.000,1.930,N/A,5187.000,0.018448534724599272
2412.167,1805.600,5892.000,5635.000,5701.000,6024.000,1.910,N/A,5188.000,0.04948170689031849
3284.667,2635.000,4970.000,4805.500,4788.000,5276.000,1.910,N/A,5189.000,0.0014890096861221412
3174.500,2849.000,4717.667,4828.000,4838.000,5292.000,1.900,N/A,5190.000,0.0011729498606286837
3507.667,3154.667,3867.000,3880.000,4152.000,4420.000,1.890,N/A,5191.000,0.014679176998764726
2978.500,2221.400,3756.000,3744.667,3816.000,4304.000,1.870,N/A,5192.000,0.0015614216635568261
3114.000,2514.750,3783.000,3956.000,3650.000,4236.000,1.860,N/A,5193.000,0.004820104976767242
2642.000,1958.500,4686.000,4508.000,4138.000,5032.000,1.850,N/A,5194.000,0.011130680484563296
2770.889,2384.600,4258.000,4196.000,4115.667,4608.000,1.850,N/A,5195.000,0.0011361965042529748
3117.000,2734.750,5590.000,5298.000,5124.000,6411.333,1.840,N/A,5196.000,0.006742464801464154
3073.850,2376.625,4949.500,4628.000,4438.000,4986.000,1.840,N/A,5197.000,0.00404739323628504
2886.000,2255.500,5804.000,5972.000,5756.000,5660.000,1.800,N/A,5198.000,0.02612034337904504
2742.833,2226.500,4630.000,4112.000,3922.000,5068.000,1.790,N/A,5199.000,0.004759639874641347
2924.857,2644.000,4955.667,4674.750,4756.667,4884.000,1.770,N/A,5200.000,0.004677495333767222
2905.400,2455.800,4821.333,4684.000,4502.000,4735.000,1.770,N/A,5201.000,0.005074945538013258
3046.667,2486.667,5028.000,4892.000,4876.000,5208.000,1.760,N/A,5202.000,0.004547664543655206
3030.000,2702.000,5738.400,5541.500,5664.000,5784.000,1.760,N/A,5203.000,0.011251585971478854
2933.500,2536.000,5412.000,5049.000,4953.333,5251.667,1.750,N/A,5204.000,0.008579352943187336
2926.333,2567.000,3896.000,3832.000,3944.000,4436.000,1.740,N/A,5205.000,0.001563320512512692
2976.667,2429.667,5963.000,5738.000,5770.000,5788.500,1.730,N/A,5206.000,0.019371739640008843
3129.500,2709.500,5822.000,5570.000,5210.667,6105.600,1.720,N/A,5207.000,0.008592224036055876
3400.000,2908.333,3543.000,3674.000,3864.000,4587.000,1.690,N/A,5208.000,0.013313521253667165
2864.333,2188.333,5392.000,5218.500,5224.000,5524.000,1.680,N/A,5209.000,0.015940040171854127
3292.250,2787.875,4853.000,4737.667,4661.333,5130.000,1.680,N/A,5210.000,0.0011220849692589767
2840.000,2578.000,5940.000,5662.667,5336.000,6188.000,1.680,N/A,5211.000,0.016461097222132043
2836.524,1963.391,2286.000,2193.500,2520.500,3168.800,1.670,N/A,5212.000,0.040536302092278785
2804.600,2523.000,6086.000,6032.000,5840.000,6282.667,1.660,N/A,5213.000,0.02337545308094178
3059.000,2698.500,5988.000,5796.000,5856.000,5855.000,1.660,N/A,5214.000,0.014656552938362193
2952.500,2484.667,5168.000,4904.000,5166.667,5220.000,1.660,N/A,5215.000,0.00760366962925978
2859.000,2388.400,6260.000,5804.000,5560.000,5862.000,1.650,N/A,5216.000,0.024301658581795078
3184.750,2879.000,2468.000,2545.000,2742.000,3217.500,1.650,N/A,5217.000,0.0681784566431953
3032.000,2759.000,6302.000,5606.000,5504.000,5526.667,1.620,N/A,5218.000,0.0166936713329158
3181.000,2382.500,2523.667,2397.000,2393.333,2922.000,1.620,N/A,5219.000,0.06314922736178
2799.000,2347.667,4154.000,4068.000,3986.000,4670.000,1.610,N/A,5220.000,0.00035577256168228995
2522.000,2490.500,6484.000,6190.000,5924.000,6328.000,1.590,N/A,5221.000,0.036960127340807586
2587.143,2189.000,5768.000,5216.000,5024.500,5276.000,1.580,N/A,5222.000,0.024787594262525376
3058.000,2493.250,5688.000,5188.000,5250.000,5978.000,1.560,N/A,5223.000,0.009629901985613733
2828.500,2543.000,5788.000,5848.000,5856.000,6012.000,1.550,N/A,5224.000,0.019750347674986114
2579.500,2225.500,4678.000,4646.000,4562.000,5120.500,1.540,N/A,5225.000,0.008735229782488448
2804.600,2523.000,6086.000,6032.000,5840.000,6282.667,1.520,N/A,5226.000,0.02337545308094178
3507.667,3154.667,3867.000,3880.000,4152.000,4420.000,1.500,N/A,5227.000,0.014679176998764726
3265.000,2729.000,3141.000,3003.000,3134.000,3844.000,1.500,N/A,5228.000,0.028529401881140885
2799.000,2347.667,4154.000,4068.000,3986.000,4670.000,1.500,N/A,5229.000,0.00035577256168228995
3507.667,3154.667,3867.000,3880.000,4152.000,4420.000,1.460,N/A,5230.000,0.014679176998764726
2857.000,2276.500,4602.000,4398.750,4354.000,4628.000,1.460,N/A,5231.000,0.004090106338790653
3320.500,2893.500,5312.000,4984.000,4728.000,5356.000,1.450,N/A,5232.000,0.0025963281445273417
2730.750,2382.000,3786.000,3550.000,3436.000,4354.000,1.450,N/A,5233.000,0.0019978391527770666
2508.167,2057.167,3826.000,3831.000,3797.000,4248.000,1.440,N/A,5234.000,0.00155173533754721
2885.000,2351.000,5218.000,5106.000,4806.000,5282.000,1.430,N/A,5235.000,0.009681287052136698
3334.000,2958.667,2785.333,2678.000,2864.000,3293.333,1.410,N/A,5236.000,0.061712732543354326
3048.667,2097.000,3860.000,3844.000,4008.000,4324.000,1.410,N/A,5237.000,0.002981211189160905
3439.000,2868.800,4164.000,4018.000,4288.000,4584.000,1.410,N/A,5238.000,0.005865924617775294
2864.500,2544.667,5444.000,5151.000,5064.000,5361.000,1.410,N/A,5239.000,0.01006359141059968
3233.500,2832.000,5741.750,5620.000,5733.000,5968.000,1.390,N/A,5240.000,0.007504048219362675
3109.000,2785.000,2938.000,2951.000,3185.500,4132.000,1.390,N/A,5241.000,0.029103305092401034
2727.500,2407.500,5957.000,5701.000,5554.000,5820.000,1.320,N/A,5242.000,0.023144527246034184
3046.400,2292.000,4582.000,3888.000,3588.000,5658.000,1.310,N/A,5243.000,0.011442772062140408
2888.600,2092.000,5744.000,5584.000,5556.000,5912.000,1.310,N/A,5244.000,0.024610883058246078
3472.556,3072.300,4421.333,4405.333,4396.000,4689.400,1.300,N/A,5245.000,0.005941200062271815
2800.286,2157.500,4896.000,4646.000,4717.000,5017.000,1.300,N/A,5246.000,0.008994766145635616
2579.000,2258.500,7026.000,6684.000,6524.000,6384.000,1.290,N/A,5247.000,0.054152863369362626
3322.500,2888.000,4712.000,4452.000,4740.000,5076.000,1.290,N/A,5248.000,0.0013112592385821535
3507.667,3154.667,3867.000,3880.000,4152.000,4420.000,1.290,N/A,5249.000,0.014679176998764726
3013.750,2519.667,4550.500,4220.000,4220.000,4888.333,1.280,N/A,5250.000,0.0006990558588104944
3223.000,2780.333,5476.500,5412.000,5408.000,5773.000,1.270,N/A,5251.000,0.0051411889341684384
3145.000,2847.000,4888.000,4691.000,4372.000,5183.000,1.260,N/A,5252.000,0.0018461051780850734
3262.250,2757.000,5146.667,5126.000,5228.000,5450.667,1.250,N/A,5253.000,0.00314104716995683
3362.857,2741.000,3692.000,3692.000,3718.667,4388.000,1.230,N/A,5254.000,0.01001188404739449
2687.500,1942.500,4292.000,4054.000,4142.000,4975.000,1.220,N/A,5255.000,0.006316877476562493
2616.000,2278.750,4330.667,4196.000,4008.000,4830.000,1.220,N/A,5256.000,0.0027011758012334738
2352.500,2006.000,3542.000,3035.000,3135.000,3788.000,1.210,N/A,5257.000,0.0020440970219934794
2992.000,2542.800,5104.000,4880.000,4824.000,5010.000,1.210,N/A,5258.000,0.0057478133587209115
2699.875,1750.667,4772.000,4756.000,4420.000,5012.000,1.200,N/A,5259.000,0.019439002311202134
3022.000,2476.200,6712.000,6356.000,6348.000,6656.000,1.200,N/A,5260.000,0.028694922168399972
3156.500,2740.714,5554.000,5347.000,5270.000,5710.000,1.200,N/A,5261.000,0.005895472300686237
3147.500,2776.333,4311.000,4030.000,4087.000,4504.000,1.200,N/A,5262.000,0.0034299091364683697
2734.500,2444.000,5112.000,4858.500,5052.500,5587.000,1.200,N/A,5263.000,0.0092316290521786
3206.000,2770.200,5261.000,5272.000,5240.000,5340.750,1.190,N/A,5264.000,0.005098540408125551
3238.000,2994.000,2971.000,3017.000,3010.000,3410.000,1.170,N/A,5265.000,0.0457550909678017
2943.500,2619.750,5648.000,5318.000,5382.000,5708.000,1.160,N/A,5266.000,0.01056245828858642
3439.000,2868.800,4164.000,4018.000,4288.000,4584.000,1.160,N/A,5267.000,0.005865924617775294
2640.000,2283.000,3406.000,3488.000,3547.000,4268.000,1.150,N/A,5268.000,0.001429088088783898
2801.000,2447.500,5896.000,5462.000,5284.000,5938.833,1.150,N/A,5269.000,0.017507819905272688
3077.500,2672.000,4540.000,4526.000,4646.000,4948.000,1.150,N/A,5270.000,0.0011932881619459582
2894.000,2221.800,4950.667,4620.000,4529.000,5091.200,1.140,N/A,5271.000,0.006614722975821146
3219.000,2826.000,5136.000,4928.000,4920.000,5328.000,1.140,N/A,5272.000,0.002094798303960553
3181.000,2451.000,3308.000,3083.000,3042.000,3620.000,1.140,N/A,5273.000,0.020800358939714648
3507.667,3154.667,3867.000,3880.000,4152.000,4420.000,1.140,N/A,5274.000,0.014679176998764726
2667.000,2266.000,5824.000,5640.000,5648.000,5918.000,1.140,N/A,5275.000,0.02630158369682677
3475.500,2996.000,4748.000,4176.000,3752.000,4826.667,1.120,N/A,5276.000,0.009797218241418802
3393.500,2969.000,5212.000,4974.000,4782.000,5618.000,1.120,N/A,5277.000,0.000979437256106975
2635.750,1925.000,5982.000,5610.000,5520.000,5956.000,1.120,N/A,5278.000,0.037677094225602926
2543.571,2195.000,5008.000,5037.917,4852.000,5086.000,1.100,N/A,5279.000,0.016380855519000603
3316.500,2865.333,4168.000,3662.000,3374.750,4506.000,1.100,N/A,5280.000,0.013606372093554545
3079.000,2672.500,4900.000,4717.000,4770.000,4878.000,1.100,N/A,5281.000,0.00356011046097287
3002.250,2232.000,4240.000,4010.750,4021.000,4916.000,1.090,N/A,5282.000,0.0012491683790249748
3314.667,3055.000,3271.250,3118.000,3232.000,3352.000,1.090,N/A,5283.000,0.04292716989939384
3027.000,2747.000,4406.000,4428.000,4388.000,4758.000,1.080,N/A,5284.000,0.0015882648834850783
3037.667,2647.714,3276.000,3074.500,3142.000,3528.333,1.080,N/A,5285.000,0.022030496339351998
3248.000,2783.500,5540.000,5382.000,5145.000,5704.000,1.080,N/A,5286.000,0.004660176295492268
2991.000,2656.000,5754.000,5310.000,5308.000,5648.000,1.070,N/A,5287.000,0.01017152229559566
3112.667,2737.500,5906.000,5516.000,5453.333,6052.000,1.060,N/A,5288.000,0.00916568592199545
3302.500,2797.750,4212.000,4294.000,4290.000,5016.667,1.060,N/A,5289.000,0.0015759711710779407
2867.500,2413.333,5034.667,4530.667,4524.000,5324.000,1.060,N/A,5290.000,0.004832242058704495
2977.500,2095.833,5392.000,5196.000,5056.000,5772.000,1.060,N/A,5291.000,0.01574043804226737
2567.167,1810.333,2900.000,2951.000,3061.000,3680.000,1.050,N/A,5292.000,0.004517771774691749
3060.500,2022.667,3800.000,4058.500,4020.000,4552.000,1.050,N/A,5293.000,0.004040846071405162
2766.333,2321.250,5457.333,5096.000,5244.000,5208.500,1.040,N/A,5294.000,0.015991864734917555
3275.750,2857.000,4832.000,4548.000,4240.000,5020.000,1.020,N/A,5295.000,0.0024152484582215267
2748.000,2379.333,2726.000,2768.000,2658.000,3816.000,1.010,N/A,5296.000,0.024314652379391215
3272.000,2730.667,4579.667,4358.000,4447.000,4824.000,1.010,N/A,5297.000,0.0014620211433193173
3130.500,2689.500,4962.000,4704.000,4661.333,5236.000,1.010,N/A,5298.000,0.0015051871943664512
2991.000,2387.267,4245.333,4129.600,4130.000,4896.000,1.000,N/A,5299.000,0.00020021344807009825
2687.500,2200.000,5306.000,5156.000,5248.000,6010.000,1.000,N/A,5300.000,0.018531596773036844
3231.200,2671.833,5746.000,5520.000,5419.000,5312.000,1.000,N/A,5301.000,0.010767273546096271
