ID,Latitude,Longitude,CH4(%),CO2(%),O2(%),H2(ppm)
M7,58.231111215000055,-155.0822221,29.2,29.2,29.2,29.2
8,59.36543458400008,-153.4417221,51.5,51.5,51.5,51.5
177,38.62272259500001,-123.134603,15.7,15.7,15.7,15.7
178,38.62163796200007,-123.1324794,39.2,39.2,39.2,39.2
180,38.62161100000003,-123.131528,34,34,34,34
181,38.59601124700003,-123.1226316,50.9,50.9,50.9,50.9
182,39.70640000000003,-122.9251,4.1,4.1,4.1,4.1
183,38.59696776800006,-122.602134,14.7,14.7,14.7,14.7
186,46.191199997000076,-122.1944,10.8,10.8,10.8,10.8
189,38.00986000000005,-121.97919,1.1,1.1,1.1,1.1
205,35.870000005000065,-121.2735,70,70,70,70
207,37.09884538600004,-121.0478846,57.7,57.7,57.7,57.7
209,35.89904100000006,-120.432774,13.3,13.3,13.3,13.3
213,35.22946944400007,-119.5811972,4.1,4.1,4.1,4.1
240,47.50399600000002,-111.5454915,19.5,19.5,19.5,19.5
267,43.22977490000005,-111.2534927,2,2,2,2
288,34.83000000000003,-110.62,3.82,3.82,3.82,3.82
295,42.51267000000007,-110.47765,1.1,1.1,1.1,1.1
296,42.51267000000007,-110.47765,1.6,1.6,1.6,1.6
304,42.50727030000007,-110.4504626,2.53,2.53,2.53,2.53
360,41.254299100000026,-110.0649033,1.7,1.7,1.7,1.7
362,41.38348830000006,-110.0601948,2.6,2.6,2.6,2.6
382,37.27459000000004,-109.72699,2.2,2.2,2.2,2.2
391,35.07708550000007,-109.6136138,2.6,2.6,2.6,2.6
397,35.060710000000014,-109.58554,4.2,4.2,4.2,4.2
405,35.06201000000004,-109.58405,20.4,20.4,20.4,20.4
414,35.10218000000003,-109.56108,12.8,12.8,12.8,12.8
421,58.371136858000035,-109.5405084,19,19,19,19
457,39.42112550000007,-109.3440863,26.3,26.3,26.3,26.3
461,39.329740000000065,-109.33467,2.4,2.4,2.4,2.4
577,39.333920000000035,-109.07234,8.4,8.4,8.4,8.4
668,36.93901600000004,-108.6979,7.2,7.2,7.2,7.2
675,36.942169810000046,-108.6996948,11.5,11.5,11.5,11.5
735,43.246585400000065,-108.5227299,3.7,3.7,3.7,3.7
736,43.246585400000065,-108.5227299,6.4,6.4,6.4,6.4
760,42.94100640000005,-108.3418291,1.1,1.1,1.1,1.1
827,36.39919020000008,-108.0333029,1.1,1.1,1.1,1.1
846,36.68030760000005,-107.9019715,2.3,2.3,2.3,2.3
880,53.141634991000046,-107.7674309,21,21,21,21
888,39.29610800000004,-107.726334,2.1,2.1,2.1,2.1
952,35.021800000000034,-107.3186,31.8,31.8,31.8,31.8
953,35.021800000000034,-107.3186,4.7,4.7,4.7,4.7
968,34.55232620000003,-106.8253784,2.17,2.17,2.17,2.17
969,34.55232620000003,-106.8253784,1.92,1.92,1.92,1.92
970,34.55232620000003,-106.8253784,2.06,2.06,2.06,2.06
973,36.297050000000056,-106.34786,1,1,1,1
974,35.13480000000004,-106.2532,18.9,18.9,18.9,18.9
976,37.79356500000006,-106.173413,76.3,76.3,76.3,76.3
1022,40.18732000000004,-104.67987,1.9,1.9,1.9,1.9
1052,35.03505000000007,-104.43768,1.91,1.91,1.91,1.91
1292,41.13926870000005,-103.7458087,2.29,2.29,2.29,2.29
1317,47.916482600000045,-103.4619847,1,1,1,1
1354,35.62869730000005,-103.2113999,5.2,5.2,5.2,5.2
1423,33.017500000000034,-102.7523,1.3,1.3,1.3,1.3
1424,31.94530000000004,-102.7408,1.1,1.1,1.1,1.1
1427,38.47201000000006,-102.6954,2.8,2.8,2.8,2.8
1431,40.29092000000002,-102.55979,1.4,1.4,1.4,1.4
1460,38.65116850000003,-102.4292934,3.6,3.6,3.6,3.6
1490,35.38500000000005,-102.2763,6.7,6.7,6.7,6.7
1491,35.381400000000035,-102.2743,6.1,6.1,6.1,6.1
1492,35.37370000000004,-102.2738,2.5,2.5,2.5,2.5
1526,35.64960000000007,-102.1759,6.5,6.5,6.5,6.5
1901,33.57120000000003,-101.6937,1.1,1.1,1.1,1.1
1902,33.57120000000003,-101.6937,1.3,1.3,1.3,1.3
2010,30.615900000000074,-101.2798,1.1,1.1,1.1,1.1
2047,35.38270000000005,-101.1794,2.7,2.7,2.7,2.7
2145,30.79660000000006,-100.9168,5.6,5.6,5.6,5.6
2146,30.79660000000006,-100.9168,17.9,17.9,17.9,17.9
2301,35.579077000000034,-100.214424,1,1,1,1
2317,30.90320000000002,-100.1599,1.1,1.1,1.1,1.1
2420,34.005300000000034,-99.5366,1.9,1.9,1.9,1.9
2450,36.352543800000035,-99.432012,6.6,6.6,6.6,6.6
2500,29.159900000000043,-99.3127,4.6,4.6,4.6,4.6
2627,37.401742600000034,-99.0433718,1.4,1.4,1.4,1.4
2656,38.326487400000076,-99.0046484,1.4,1.4,1.4,1.4
2812,26.420500000000054,-98.4817,8.1,8.1,8.1,8.1
2936,33.43910000000005,-98.0112,1.1,1.1,1.1,1.1
3055,26.648200000000028,-97.4743,2.2,2.2,2.2,2.2
3158,38.81823600000007,-96.7964814,56,56,56,56
3160,38.886472800000035,-96.7445017,80,80,80,80
3178,36.31250700000003,-96.6170113,1,1,1,1
3194,39.16045950000005,-96.4439447,91.8,91.8,91.8,91.8
3227,31.820000000000043,-96.3038,3.2,3.2,3.2,3.2
3266,34.77479670000002,-96.115496,1.12,1.12,1.12,1.12
3339,39.927615100000025,-95.5449955,17.2,17.2,17.2,17.2
3427,35.23741890000007,-94.6838435,2.4,2.4,2.4,2.4
3519,42.63549461000007,-94.04073999,96.3,96.3,96.3,96.3
3534,42.623327424000074,-94.00099772,33.7,33.7,33.7,33.7
3730,32.05371000000003,-90.06583,1.04,1.04,1.04,1.04
3738,13.92594899900007,-89.841138,40,40,40,40
3759,31.448470000000032,-88.38167,1.74,1.74,1.74,1.74
3789,37.730362900000046,-87.1461006,4.6,4.6,4.6,4.6
3823,36.25990990000002,-84.9415068,1.2,1.2,1.2,1.2
3841,36.16853510000004,-84.5865513,1.1,1.1,1.1,1.1
3861,42.267750905000064,-83.83623816,26,26,26,26
3869,42.20088712800003,-83.48451063,25.6,25.6,25.6,25.6
4042,48.475725849000064,-81.33047934,12.7,12.7,12.7,12.7
4058,46.48999998700003,-81.01000001,57.8,57.8,57.8,57.8
4211,42.02673900000007,-78.32237,1,1,1,1
4222,42.09152000000006,-77.737939,1,1,1,1
4259,-40.45,-72.183333,2.17,2.17,2.17,2.17
4270,5.582404951000046,-69.2063055,5.6361,5.6361,5.6361,5.6361
4271,-25.117966,-68.524152,7.1,7.1,7.1,7.1
4287,56.31786783200004,-64.19843289,35,35,35,35
4289,64.25000000000004,-50.966667,68.44,68.44,68.44,68.44
4290,67.00824858300007,-50.6881001,12.6,12.6,12.6,12.6
4291,60.916526780000076,-46.06519568,12.6,12.6,12.6,12.6
4293,60.97906319800004,-45.90038973,18.8,18.8,18.8,18.8
4294,61.15588250600007,-45.41942228,93.1,93.1,93.1,93.1
4428,38.23000000000008,-26.63,2.1749,2.1749,2.1749,2.1749
4429,38.23000000000008,-26.63,1.6479,1.6479,1.6479,1.6479
4438,64.10649195900004,-21.25619995,46.4,46.4,46.4,46.4
4439,63.30170690700003,-20.60364038,34.4,34.4,34.4,34.4
4440,63.43226471400004,-20.2473335,54,54,54,54
4441,63.98685142800009,-19.67354093,67,67,67,67
4442,64.64716607900004,-19.25162569,36,36,36,36
4443,63.91609731300008,-19.16687925,22.2,22.2,22.2,22.2
4444,63.990198239000065,-19.06070487,36,36,36,36
4445,65.87652767100006,-16.95970492,19,19,19,19
4446,65.63876788400006,-16.83764911,64,64,64,64
4447,65.64058348100006,-16.80918054,24.1,24.1,24.1,24.1
4448,65.64200631400007,-16.80734959,57.3,57.3,57.3,57.3
4449,65.02996632800006,-16.74225244,14,14,14,14
4450,64.67312037300007,-16.68948913,16.6,16.6,16.6,16.6
4457,13.070204000000045,-8.244819,98.5,98.5,98.5,98.5
4462,41.894111000000066,0.2203330000000392,25,25,25,25
4463,49.200000000000045,2.9500000000000455,52,52,52,52
4465,44.72610093900004,5.407459037000024,14.1,14.1,14.1,14.1
4468,50.75056245400003,8.081571701,24.6,24.6,24.6,24.6
4478,54.93815013700003,8.864730124000062,16,16,16,16
4479,52.760231000000026,9.155350000000055,13.3,13.3,13.3,13.3
4480,51.20020277800007,10.46054444400005,61.5,61.5,61.5,61.5
4482,51.29780300300006,11.434854002000064,12.9,12.9,12.9,12.9
4483,49.105219996000066,11.442402001000062,22.1,22.1,22.1,22.1
4484,51.860899010000026,11.579038996000065,93,93,93,93
4485,51.52699203800006,11.828167998000024,11.3,11.3,11.3,11.3
4486,-1.635236805,13.57899769100004,100,100,100,100
4487,37.75671738700003,14.999034326000073,57.8,57.8,57.8,57.8
4488,51.42186944400003,16.222908333000078,73.1,73.1,73.1,73.1
4493,44.647791059000035,18.228142692000063,48.3,48.3,48.3,48.3
4495,54.673048126000026,20.630768302000035,37.5,37.5,37.5,37.5
4497,61.486694000000064,21.798194000000024,30.4,30.4,30.4,30.4
4498,44.516667000000034,22.166667000000075,28.7,28.7,28.7,28.7
4499,44.93055600000009,22.416667000000075,1.85,1.85,1.85,1.85
4500,44.93055600000009,22.416667000000075,1.76,1.76,1.76,1.76
4501,62.94050000000004,22.513083000000048,11.4,11.4,11.4,11.4
4503,49.31080184500007,23.561399892000054,34,34,34,34
4504,56.41349329200004,24.199517159000035,26.7,26.7,26.7,26.7
4505,49.025009024000035,24.32915464200005,34,34,34,34
4506,-28.73894234,24.75790334600003,43.1,43.1,43.1,43.1
4507,59.69875485000006,25.023051754000047,20.8,20.8,20.8,20.8
4508,-28.03064833,26.70673954800003,50,50,50,50
4509,52.73059894900006,27.434731144000068,23.9,23.9,23.9,23.9
4510,57.32449675400004,27.571030834000055,42.6,42.6,42.6,42.6
4511,-26.2307202,27.961780877000024,77.5,77.5,77.5,77.5
4512,-26.22747394,28.11055331500006,15.2,15.2,15.2,15.2
4513,-26.19883918,28.176691652000045,24,24,24,24
4514,-26.47105591,28.455041435000055,11.5,11.5,11.5,11.5
4515,-25.6668285,28.50000627000003,59,59,59,59
4517,49.10008291800004,29.106875000000056,53.5,53.5,53.5,53.5
4518,51.81091721800004,29.157199966000064,95.2,95.2,95.2,95.2
4519,-1.516824688,29.250060434000034,14.9,14.9,14.9,14.9
4520,63.23975415500007,29.255160002000025,12.8,12.8,12.8,12.8
4521,52.51267485900007,29.534369846000057,37.7,37.7,37.7,37.7
4522,52.53756660800008,29.99353178500007,16.4,16.4,16.4,16.4
4523,52.35716999500005,30.40191081100005,13.1,13.1,13.1,13.1
4524,-27.00821969,30.42430833400005,10.3,10.3,10.3,10.3
4525,36.43167253800004,30.45566980800004,11.3,11.3,11.3,11.3
4526,67.56830004500006,30.485600148000064,99.9,99.9,99.9,99.9
4527,69.39621945700003,30.608666696000057,20.6,20.6,20.6,20.6
4528,69.39621945700003,30.608666696000057,93.8,93.8,93.8,93.8
4529,69.46708983800004,31.076828781000078,34.9,34.9,34.9,34.9
4530,69.54480973300008,31.20416838700004,27.3,27.3,27.3,27.3
4531,69.54193351700007,31.209971152000037,88.4,88.4,88.4,88.4
4532,53.036661170000045,32.01670183300007,20.1,20.1,20.1,20.1
4533,54.76443822700002,32.04040429100007,29.5,29.5,29.5,29.5
4534,48.899445466000024,32.24989502100004,66.6,66.6,66.6,66.6
4535,52.73674117600005,32.25251538500004,19.5,19.5,19.5,19.5
4536,58.25052671900004,32.49755864900004,90.5,90.5,90.5,90.5
4537,67.43310000700006,32.81789999600005,85.8,85.8,85.8,85.8
4538,34.92328139100004,32.90928816500008,100,100,100,100
4539,67.93161562000006,32.91608802600007,87,87,87,87
4540,69.21916699500008,32.989443993000066,79,79,79,79
4541,68.14419634700005,33.16919319200008,90.5,90.5,90.5,90.5
4542,48.10596818200002,33.43266375700006,80,80,80,80
4543,52.93333300100004,33.44999999500004,17,17,17,17
4544,48.060216980000064,33.48503727700006,19,19,19,19
4545,48.08267691400004,33.50579254000007,13,13,13,13
4546,67.69092512100008,33.721111370000074,11.8,11.8,11.8,11.8
4547,67.64169563200005,33.73624987900007,13.9,13.9,13.9,13.9
4548,67.68942227700006,33.75403238200005,13.8,13.8,13.8,13.8
4549,67.62690723500003,33.83679279200004,17.9,17.9,17.9,17.9
4550,67.61715534400008,33.883803760000035,27.4,27.4,27.4,27.4
4551,67.61717677400003,33.88380771800007,20.1,20.1,20.1,20.1
4552,67.67872812500008,33.94829714200006,17.6,17.6,17.6,17.6
4553,49.72703000100005,33.97701100100005,36,36,36,36
4554,67.60648181900007,34.01303967600006,21.4,21.4,21.4,21.4
4555,57.03332429400007,34.16667815400007,26.4,26.4,26.4,26.4
4556,45.44199718200008,34.74090358900003,53.6,53.6,53.6,53.6
4557,46.16158709200004,34.799994164000054,37.7,37.7,37.7,37.7
4558,68.01069983500008,35.01060002600008,35.2,35.2,35.2,35.2
4559,68.01048622700006,35.01240943400006,90.6,90.6,90.6,90.6
4560,56.788909352000076,35.91398687800006,12,12,12,12
4561,36.40528678100004,36.04284262600004,38.4,38.4,38.4,38.4
4562,36.38351433100007,36.16361015900003,60.5,60.5,60.5,60.5
4563,56.64333137300008,36.296114224000064,18.9,18.9,18.9,18.9
4564,55.728726533000035,36.86078568900007,11.8,11.8,11.8,11.8
4565,56.07102173800007,37.06235186600003,86.6,86.6,86.6,86.6
4568,55.73391487600003,37.699310002000054,12.1,12.1,12.1,12.1
4570,48.020203561000066,37.805141411000086,40,40,40,40
4571,47.57066171200005,37.87785234800003,56,56,56,56
4572,67.52345260200008,38.049643779000064,81.2,81.2,81.2,81.2
4577,44.75874678500003,38.49379202200004,16.3,16.3,16.3,16.3
4578,48.26756958600004,38.53983193700003,40,40,40,40
4579,56.68073638900006,38.82956228900008,31.9,31.9,31.9,31.9
4580,58.04999814700004,38.83332435900007,24.2,24.2,24.2,24.2
4581,48.552399416000064,39.17535443100007,23.1,23.1,23.1,23.1
4582,52.57404557800003,39.475579457000045,85.4,85.4,85.4,85.4
4583,43.616192711000046,39.71862466300007,18.6,18.6,18.6,18.6
4584,53.22468601700007,39.965239919000055,15.9,15.9,15.9,15.9
4585,47.300383410000045,40.39836349700005,22.2,22.2,22.2,22.2
4586,58.35344833800007,40.68215583400007,56.9,56.9,56.9,56.9
4587,58.366644919000045,40.68328395300006,10.7,10.7,10.7,10.7
4588,45.10001675600005,41.05002268000004,16.2,16.2,16.2,16.2
4589,43.832493182000064,41.106450068000065,80,80,80,80
4590,43.814762320000064,41.174709733000036,70,70,70,70
4591,43.924502404000066,41.17617584700002,82.6,82.6,82.6,82.6
4592,43.92445663400008,41.17630768500004,30,30,30,30
4593,45.03751944400004,41.95952222200003,27.3,27.3,27.3,27.3
4595,50.15395709300003,42.02191762100006,34.7,34.7,34.7,34.7
4598,51.38085567500008,42.09742041000004,32.1,32.1,32.1,32.1
4599,43.423828809000035,42.439358851000065,11.8,11.8,11.8,11.8
4600,52.31666699900006,42.49999999900006,19.2,19.2,19.2,19.2
4602,44.22861114800003,42.77722225400004,17.4,17.4,17.4,17.4
4603,43.384068766000034,42.869620202000085,87,87,87,87
4604,41.837220864000074,43.37694092000004,21,21,21,21
4605,49.87428182500003,43.45576990600006,18,18,18,18
4606,50.02538449000007,43.684128795000056,22.3,22.3,22.3,22.3
4607,42.817098157000025,43.97401652800006,56.5,56.5,56.5,56.5
4608,49.11534141200008,44.05522976900004,15.8,15.8,15.8,15.8
4609,45.82447314500008,44.64758158800004,30,30,30,30
4610,50.87065244600006,44.649951632000075,28,28,28,28
4611,50.28588956400006,44.77055393400008,30,30,30,30
4612,50.88378949200006,44.81667157800007,32.8,32.8,32.8,32.8
4613,49.26669252000004,44.93332614700006,12.5,12.5,12.5,12.5
4614,51.42704037400005,44.93592557100004,15.4,15.4,15.4,15.4
4615,50.902619750000035,44.99999997300006,49.1,49.1,49.1,49.1
4616,44.94341574200007,45.14001100300004,10.9,10.9,10.9,10.9
4617,45.25494480100007,45.55339263900004,50,50,50,50
4618,51.44742266600008,46.17570723000006,25,25,25,25
4619,51.83614227800007,47.04918697200004,14.5,14.5,14.5,14.5
4620,41.39837401400006,47.57455201500005,24.6,24.6,24.6,24.6
4621,59.84338398000005,48.28400834300004,76.9,76.9,76.9,76.9
4622,49.03491331100002,48.294300132000046,27,27,27,27
4623,49.03527777800007,48.29444444400008,28.1,28.1,28.1,28.1
4624,51.959399966000035,49.47790003100005,16.7,16.7,16.7,16.7
4631,40.42433446300002,49.81871079700005,15.4,15.4,15.4,15.4
4632,40.47009786700005,49.98935946800003,14.7,14.7,14.7,14.7
4633,53.84570237000002,50.55053699700005,30,30,30,30
4634,52.783999860000044,51.10129869900004,20.9,20.9,20.9,20.9
4635,53.33535862300004,51.29333907700004,14.2,14.2,14.2,14.2
4636,48.50172679800004,51.84495544600003,17.2,17.2,17.2,17.2
4637,54.82923021800007,52.27359718900004,97.8,97.8,97.8,97.8
4638,61.86976672000002,53.016004956000074,57.6,57.6,57.6,57.6
4639,55.03887818700008,53.361440323000075,10.7,10.7,10.7,10.7
4640,63.911769097000054,53.996014323000054,28,28,28,28
4641,58.49622333400005,54.00111799400003,54,54,54,54
4642,45.472819444000024,54.91242019300006,98,98,98,98
4643,51.577947412000064,55.05059143400007,33.9,33.9,33.9,33.9
4644,52.059962289000055,55.34874801000007,47.5,47.5,47.5,47.5
4645,24.328200000000045,56.13070000000005,75.2,75.2,75.2,75.2
4646,23.96929998800004,56.42190002700005,68.1,68.1,68.1,68.1
4647,23.95880000000005,56.440000000000055,85.4,85.4,85.4,85.4
4648,57.50943300900006,56.675678050000045,60.6,60.6,60.6,60.6
4649,59.616891660000086,56.73597015700006,32.9,32.9,32.9,32.9
4650,59.616891660000086,56.73597015700006,34.6,34.6,34.6,34.6
4651,59.394729063000064,56.75619306800007,32.6,32.6,32.6,32.6
4652,23.40587034300005,56.863241057000046,87.3,87.3,87.3,87.3
4653,23.683300000000024,56.93960000000004,85.9,85.9,85.9,85.9
4654,23.717200000000048,57.03400000000005,73.4,73.4,73.4,73.4
4655,58.167713722000016,57.10660493200004,17.4,17.4,17.4,17.4
4656,23.61990000000003,57.11320000000006,77,77,77,77
4657,48.61192218700006,57.11806590200007,26.7,26.7,26.7,26.7
4658,22.987856297000057,57.291684706000076,97,97,97,97
4659,23.53333333400006,57.333333333000034,69,69,69,69
4660,22.933334453000043,57.53333325500006,99,99,99,99
4661,23.428500000000042,57.668300000000045,37.3,37.3,37.3,37.3
4662,43.41091824200004,58.11587121000009,21.2,21.2,21.2,21.2
4663,50.34015661100004,58.216823445000045,11.6,11.6,11.6,11.6
4664,50.613208087000025,58.24461550000007,58,58,58,58
4665,22.89560000000006,58.394600000000075,61,61,61,61
4666,50.24991547800004,58.452749134000044,98.5,98.5,98.5,98.5
4667,50.33268754000004,58.48891264500003,69.5,69.5,69.5,69.5
4668,56.81390000000004,58.643300002000046,76,76,76,76
4669,51.77108757600006,58.763891982000075,80.4,80.4,80.4,80.4
4670,57.68150107300004,59.60573740800003,34.8,34.8,34.8,34.8
4671,57.647770210000026,59.637181646000045,81.8,81.8,81.8,81.8
4672,57.66991040900007,59.67461325700004,80.5,80.5,80.5,80.5
4673,58.37734208200002,59.72924724400008,50,50,50,50
4674,56.008807862000026,60.63392592100007,82.7,82.7,82.7,82.7
4675,55.37104900800006,62.70190696300006,15.7,15.7,15.7,15.7
4676,42.13866510900004,63.56344303300005,90,90,90,90
4677,67.59281299600008,63.82742860400003,21,21,21,21
4678,67.49376649000004,64.02484761800008,81,81,81,81
4679,69.06582080900006,64.23204753600004,56,56,56,56
4680,63.18038828600004,64.41828041000008,19.6,19.6,19.6,19.6
4688,40.013832559000036,65.35686282300003,98,98,98,98
4707,41.496049200000066,69.80380467200007,42.6,42.6,42.6,42.6
4723,42.18082433500007,70.68652275700003,40.8,40.8,40.8,40.8
4724,40.31723615100002,70.70016950600007,12.7,12.7,12.7,12.7
4725,49.840945848000054,73.10194883900004,20,20,20,20
4726,49.83333300600003,73.16666700600007,10,10,10,10
4727,42.84722065900007,74.48707213900008,16.6,16.6,16.6,16.6
4728,56.096276053000054,74.61501701100008,21,21,21,21
4729,42.68582859000003,74.86681273900007,20,20,20,20
4730,54.82638931500003,75.47210182900004,11.2,11.2,11.2,11.2
4731,61.04714023700008,76.10042177200006,58,58,58,58
4732,42.644924432000025,78.17008146100005,13.6,13.6,13.6,13.6
4733,60.80221808600004,78.54190091400005,47.3,47.3,47.3,47.3
4734,60.80344142200004,78.54418619000005,86.6,86.6,86.6,86.6
4735,58.166126343000016,78.89304464800006,11.2,11.2,11.2,11.2
4736,56.93170138100004,85.80552885200007,11,11,11,11
4737,55.51787822700004,86.08045843900004,87.2,87.2,87.2,87.2
4738,55.35551199600007,86.08673199700007,18.4,18.4,18.4,18.4
4739,54.65033818200004,86.15173393500004,20,20,20,20
4740,54.993981115000054,86.19189007200004,35,35,35,35
4741,67.46868084000005,86.57289670300008,89.5,89.5,89.5,89.5
4742,53.793903475000036,87.31925499600004,11.4,11.4,11.4,11.4
4743,53.85201335300007,87.36553411900007,18.4,18.4,18.4,18.4
4744,69.36555874400005,87.73343453200006,95.4,95.4,95.4,95.4
4745,52.83757333500005,87.93663898000005,61,61,61,61
4746,52.913137171000066,88.01144207100003,89.8,89.8,89.8,89.8
4747,65.16273241200008,88.10851606400007,69.5,69.5,69.5,69.5
4748,65.59472509300008,88.14448929800005,26.1,26.1,26.1,26.1
4749,69.31225338100006,88.17815137200004,21.5,21.5,21.5,21.5
4750,69.34994556200007,88.20055350900003,33,33,33,33
4751,69.34866329800008,88.20163752000008,96.8,96.8,96.8,96.8
4752,69.50644600000004,88.38762560400006,12.7,12.7,12.7,12.7
4753,65.82179042900003,88.39721557800004,87.7,87.7,87.7,87.7
4754,53.39468707500003,88.91213018400002,80.7,80.7,80.7,80.7
4755,55.39969217300005,88.91587034800006,86.3,86.3,86.3,86.3
4756,53.62659254900006,89.24706680900003,83.7,83.7,83.7,83.7
4757,53.275377063000064,89.57726113900009,99.6,99.6,99.6,99.6
4758,53.27890940200005,89.60856704800005,91.1,91.1,91.1,91.1
4759,69.10853311800008,89.61038219300008,25.1,25.1,25.1,25.1
4760,54.28570666200005,89.95254843900005,71,71,71,71
4761,53.73706077700007,91.08186027300006,93.3,93.3,93.3,93.3
4762,54.085599942000044,92.03999999600005,38,38,38,38
4763,56.05170003400008,95.04650001300007,42.3,42.3,42.3,42.3
4764,61.59704021200009,96.29885313200002,34.6,34.6,34.6,34.6
4765,56.300028141000034,101.92285159900008,98.7,98.7,98.7,98.7
4766,70.74264735300005,102.04917715600004,100,100,100,100
4767,71.98925833000004,102.50189029800002,95.5,95.5,95.5,95.5
4768,51.73688842400002,102.54994192000004,80,80,80,80
4769,53.718800000000044,102.80160001300003,43.5,43.5,43.5,43.5
4770,56.20092403200004,102.84025110400006,13.2,13.2,13.2,13.2
4771,70.70187208900006,103.44233528800004,76.4,76.4,76.4,76.4
4772,57.24451986900004,103.62773476100007,48.8,48.8,48.8,48.8
4773,52.16927104200005,104.46797909700007,20.5,20.5,20.5,20.5
4774,52.615181122000074,104.78679247000007,11.1,11.1,11.1,11.1
4775,56.791256970000056,105.84744333300006,18.7,18.7,18.7,18.7
4776,51.45186495500007,106.91515999300009,95,95,95,95
4777,57.35684482400005,107.04368600700008,40,40,40,40
4778,53.615413438000076,109.6349125820001,80,80,80,80
4779,66.43464010000007,112.31419531200004,40,40,40,40
4780,66.43497324100007,112.31481332600005,56,56,56,56
4781,66.43517983100003,112.3159109,58,58,58,58
4888,51.56426721700007,116.62690854500012,19,19,19,19
4889,51.581597773000055,116.66443812600005,20.3,20.3,20.3,20.3
4890,51.58091094800005,116.66461264600002,89.8,89.8,89.8,89.8
4892,15.632206003000016,120.02929855800006,45.6,45.6,45.6,45.6
4893,14.837000008000075,120.1281999460001,58.5,58.5,58.5,58.5
4894,15.571800000000055,120.15129999900012,44.5,44.5,44.5,44.5
4895,15.70330000000006,120.28250000000004,35.1,35.1,35.1,35.1
4896,70.58517721700007,120.40648075700004,81.1,81.1,81.1,81.1
4897,36.44364892400005,120.65183097500007,12.5,12.5,12.5,12.5
4900,-30.76112,121.26385000000005,1.123,1.123,1.123,1.123
4903,-30.76103,121.26393000000009,8.126,8.126,8.126,8.126
4904,-30.76131,121.26397000000009,42.731,42.731,42.731,42.731
4905,-30.76148,121.26409,1.266,1.266,1.266,1.266
4906,-30.76197,121.26419000000008,5.437,5.437,5.437,5.437
4908,-30.76307,121.26441000000013,1.53,1.53,1.53,1.53
4909,63.72693419600006,121.6550983730001,10,10,10,10
4912,-13.66866111,122.27562778000004,1.25,1.25,1.25,1.25
4913,-13.66866111,122.27562778000004,1.03,1.03,1.03,1.03
4914,-13.66866111,122.27562778000004,1.52,1.52,1.52,1.52
4915,-17.8600914,122.9331356,1.54,1.54,1.54,1.54
4918,-13.78403056,123.41032500000007,2.1,2.1,2.1,2.1
4919,-13.78403056,123.41032500000007,2.1,2.1,2.1,2.1
4920,-17.1399083,123.70900280000002,2.23,2.23,2.23,2.23
4921,-17.1399083,123.70900280000002,2.23,2.23,2.23,2.23
4923,-17.4083556,124.19133610000004,1.7,1.7,1.7,1.7
4924,-17.397533,124.19358710000007,95.3,95.3,95.3,95.3
4925,-17.397533,124.19358710000007,19.3,19.3,19.3,19.3
4926,-17.397533,124.19358710000007,91.2,91.2,91.2,91.2
4936,63.86755601500004,127.46559912000009,25,25,25,25
4939,-12.85249126,128.5151229600001,2,2,2,2
4946,44.08333264900005,131.62577639900007,64,64,64,64
4947,44.19121579900007,131.71767470400005,25,25,25,25
4948,43.75835398900005,131.95295059800003,27,27,27,27
4950,43.11124241400006,133.1419580170001,27,27,27,27
4951,50.979918312000045,133.2807235030001,27,27,27,27
4954,50.46899660900005,134.5199191920001,19,19,19,19
4955,43.298164983000035,134.60105200200007,27.3,27.3,27.3,27.3
4956,34.79720115700007,135.24962350700002,51.4,51.4,51.4,51.4
4957,44.53056404200004,135.35957009600008,41,41,41,41
4958,45.04282493300007,136.59783243100003,27.3,27.3,27.3,27.3
4959,46.25897221700006,137.45334898400006,19.2,19.2,19.2,19.2
4960,35.88848350000007,137.4813327480001,33,33,33,33
4962,35.66876666700006,137.83497777800005,9.4,9.4,9.4,9.4
4964,34.72492165300002,139.39475472900006,90.2,90.2,90.2,90.2
4989,-29.85166664,140.783188,16.5,16.5,16.5,16.5
4992,42.54260477500003,140.8644402640001,25,25,25,25
5003,24.792759350000047,141.32224678400007,18,18,18,18
5006,-27.49571389,141.93427500000007,1.4,1.4,1.4,1.4
5008,49.16545378500007,142.1175438360001,21,21,21,21
5021,-38.25752781,147.42353834000005,1,1,1,1
5025,-29.57283933,149.28697822900006,17.4,17.4,17.4,17.4
5027,46.96987233200008,152.07003403200008,24.1,24.1,24.1,24.1
5028,54.12084600600008,159.6586683,34.5,34.5,34.5,34.5
5029,55.83049777700006,160.3267349570001,25.5,25.5,25.5,25.5
5030,55.821507859000064,160.3802999710001,93,93,93,93
5031,56.04697941300004,160.64067352400002,82.2,82.2,82.2,82.2
5032,56.051634670000055,160.65377621300001,90.4,90.4,90.4,90.4
5033,56.65309083500006,161.3572542070001,16,16,16,16
5034,58.91775832700005,161.52672310000003,85,85,85,85
5035,58.91775832700005,161.52672310000003,15,15,15,15
5036,-22.30496212,166.84095209500006,36.1,36.1,36.1,36.1
5037,-22.29943709,166.86180190200002,32.9,32.9,32.9,32.9
5038,-44.67725645,167.64238858400006,75.8,75.8,75.8,75.8
5039,61.88190744700007,170.2781379380001,100,100,100,100
5040,64.73419018600003,177.6607767270001,25,25,25,25
5046,49.51624000000003,-103.82133,96.37,96.37,96.37,96.37
5047,50.08809000000007,-101.83353,88.3,88.3,88.3,88.3
5048,49.80080000000004,-103.01434,87.42999999999999,87.42999999999999,87.42999999999999,87.42999999999999
5049,49.15806000000003,-103.85127,87.06,87.06,87.06,87.06
5050,49.46320000000003,-102.66894,75.5,75.5,75.5,75.5
5051,49.462620000000065,-104.01041,59.260000000000005,59.260000000000005,59.260000000000005,59.260000000000005
5052,49.50919000000003,-104.07778,44.12,44.12,44.12,44.12
5053,50.21699000000007,-102.06712,38.17,38.17,38.17,38.17
5054,49.421260000000075,-103.91486,35.17,35.17,35.17,35.17
5055,49.65705000000002,-101.78344,33.97,33.97,33.97,33.97
5056,49.79954000000003,-103.01796,32.28,32.28,32.28,32.28
5057,49.521160000000066,-103.72344,30.97,30.97,30.97,30.97
5058,49.47478000000006,-101.78629,30.53,30.53,30.53,30.53
5059,50.090780000000045,-101.83436,26.77,26.77,26.77,26.77
5060,49.52219000000007,-103.9356,26.46,26.46,26.46,26.46
5061,49.600930000000055,-104.03586,24.42,24.42,24.42,24.42
5062,50.35232000000007,-101.64754,23.09,23.09,23.09,23.09
5063,49.44688000000007,-103.79778,22.96,22.96,22.96,22.96
5064,49.44688000000007,-103.79778,22.05,22.05,22.05,22.05
5065,49.46539000000007,-104.02503,21.759999999999998,21.759999999999998,21.759999999999998,21.759999999999998
5066,49.85364000000003,-102.84267,21.55,21.55,21.55,21.55
5067,49.44688000000007,-103.79778,20.79,20.79,20.79,20.79
5068,49.26948000000004,-102.37312,20.23,20.23,20.23,20.23
5069,49.52019000000008,-103.71237,20.22,20.22,20.22,20.22
5070,49.969000000000044,-108.58903,18.87,18.87,18.87,18.87
5071,50.18269000000003,-101.90918,18.459999999999997,18.459999999999997,18.459999999999997,18.459999999999997
5072,49.38392000000004,-102.43377,18.12,18.12,18.12,18.12
5073,49.44454000000008,-104.02725,17.29,17.29,17.29,17.29
5074,49.38392000000004,-102.43377,16.919999999999998,16.919999999999998,16.919999999999998,16.919999999999998
5075,49.54140000000006,-102.84476,14.82,14.82,14.82,14.82
5076,49.00524000000006,-104.46822,14.74,14.74,14.74,14.74
5077,49.46187000000003,-104.00409,12.889999999999999,12.889999999999999,12.889999999999999,12.889999999999999
5078,49.51097000000004,-104.01961,12.879999999999999,12.879999999999999,12.879999999999999,12.879999999999999
5079,49.490050000000046,-103.10292,12.58,12.58,12.58,12.58
5080,49.52211000000005,-103.32253,12.55,12.55,12.55,12.55
5081,49.56900000000006,-108.63964,11.99,11.99,11.99,11.99
5082,49.91519000000005,-102.51359,11.940000000000001,11.940000000000001,11.940000000000001,11.940000000000001
5083,49.91551000000004,-102.51361,11.940000000000001,11.940000000000001,11.940000000000001,11.940000000000001
5084,50.20853000000005,-102.08671,11.81,11.81,11.81,11.81
5085,49.31722000000008,-103.46174,11.76,11.76,11.76,11.76
5086,49.79003000000006,-103.03603,11.43,11.43,11.43,11.43
5087,49.83614000000005,-107.59597,11.379999999999999,11.379999999999999,11.379999999999999,11.379999999999999
5088,49.01587000000006,-103.22241,10.95,10.95,10.95,10.95
5089,49.44688000000007,-103.79778,10.85,10.85,10.85,10.85
5090,49.31395000000003,-103.05834,10.56,10.56,10.56,10.56
5091,49.20460000000003,-104.80062,10.38,10.38,10.38,10.38
5092,49.529410000000034,-103.33161,10.34,10.34,10.34,10.34
5093,49.51110000000005,-103.31191,9.81,9.81,9.81,9.81
5094,49.51916000000005,-103.81135,9.77,9.77,9.77,9.77
5095,49.762920000000065,-103.11206,9.67,9.67,9.67,9.67
5096,49.52369000000005,-103.40178,9.66,9.66,9.66,9.66
5097,49.17947000000003,-104.73178,9.16,9.16,9.16,9.16
5098,49.40331000000003,-102.56536,8.75,8.75,8.75,8.75
5099,49.294700000000034,-103.02462,8.66,8.66,8.66,8.66
5100,49.44908000000003,-103.91061,8.57,8.57,8.57,8.57
5101,49.49955000000005,-103.99185,8.35,8.35,8.35,8.35
5102,49.53601000000004,-104.07489,7.6499999999999995,7.6499999999999995,7.6499999999999995,7.6499999999999995
5103,49.517860000000034,-103.74177,7.61,7.61,7.61,7.61
5104,49.415450000000064,-103.93715,6.77,6.77,6.77,6.77
5105,49.286260000000034,-102.32356,6.58,6.58,6.58,6.58
5106,49.911470000000065,-102.95496,6.5600000000000005,6.5600000000000005,6.5600000000000005,6.5600000000000005
5107,51.15617000000003,-107.97708,6.260000000000001,6.260000000000001,6.260000000000001,6.260000000000001
5108,49.418770000000045,-103.65732,6.23,6.23,6.23,6.23
5109,49.41051000000005,-103.91627,6.12,6.12,6.12,6.12
5110,49.071830000000034,-107.60078,5.91,5.91,5.91,5.91
5111,50.339780000000076,-101.71321,5.66,5.66,5.66,5.66
5112,49.21427000000004,-103.9485,5.63,5.63,5.63,5.63
5113,49.53909000000004,-103.71984,5.6000000000000005,5.6000000000000005,5.6000000000000005,5.6000000000000005
5114,49.45061000000004,-103.90414,5.59,5.59,5.59,5.59
5115,49.600930000000055,-104.03586,5.4,5.4,5.4,5.4
5116,49.128040000000055,-103.12149,5.319999999999999,5.319999999999999,5.319999999999999,5.319999999999999
5117,49.69310000000007,-101.65851,5.09,5.09,5.09,5.09
5118,51.12140000000005,-107.97913,4.99,4.99,4.99,4.99
5119,49.07526000000007,-102.94941,4.77,4.77,4.77,4.77
5120,49.46347000000002,-103.36792,4.760000000000001,4.760000000000001,4.760000000000001,4.760000000000001
5121,49.46589000000006,-104.01072,4.6899999999999995,4.6899999999999995,4.6899999999999995,4.6899999999999995
5122,49.78644000000001,-103.03811,4.62,4.62,4.62,4.62
5123,49.071830000000034,-107.60078,4.5600000000000005,4.5600000000000005,4.5600000000000005,4.5600000000000005
5124,49.09300000000007,-102.52342,4.47,4.47,4.47,4.47
5125,49.52334000000007,-103.3257,4.46,4.46,4.46,4.46
5126,49.01659000000005,-109.73133,4.32,4.32,4.32,4.32
5127,49.796940000000056,-103.03139,4.3,4.3,4.3,4.3
5128,49.390450000000044,-105.29933,4.279999999999999,4.279999999999999,4.279999999999999,4.279999999999999
5129,49.622690000000034,-102.73038,4.24,4.24,4.24,4.24
5130,49.546390000000024,-103.70846,4.130000000000001,4.130000000000001,4.130000000000001,4.130000000000001
5131,49.05634000000003,-102.12066,4.08,4.08,4.08,4.08
5132,49.026960000000024,-107.55424,3.9600000000000004,3.9600000000000004,3.9600000000000004,3.9600000000000004
5133,49.47467000000006,-104.01719,3.7800000000000002,3.7800000000000002,3.7800000000000002,3.7800000000000002
5134,49.026960000000024,-107.55424,3.74,3.74,3.74,3.74
5135,49.531820000000046,-103.66395,3.6900000000000004,3.6900000000000004,3.6900000000000004,3.6900000000000004
5136,49.52369000000005,-103.40178,3.6799999999999997,3.6799999999999997,3.6799999999999997,3.6799999999999997
5137,49.21427000000004,-103.9485,3.49,3.49,3.49,3.49
5138,49.520850000000046,-103.74676,3.29,3.29,3.29,3.29
5139,49.886060000000036,-104.23878,3.2800000000000002,3.2800000000000002,3.2800000000000002,3.2800000000000002
5140,49.64156000000001,-101.5901,3.2800000000000002,3.2800000000000002,3.2800000000000002,3.2800000000000002
5141,49.60147000000007,-103.03858,3.02,3.02,3.02,3.02
5142,50.187940000000026,-101.46751,3.01,3.01,3.01,3.01
5143,50.10001000000005,-103.44838,2.93,2.93,2.93,2.93
5144,49.507610000000064,-104.0086,2.91,2.91,2.91,2.91
5145,49.414450000000045,-104.08176,2.8400000000000003,2.8400000000000003,2.8400000000000003,2.8400000000000003
5146,49.59431000000006,-103.56655,2.73,2.73,2.73,2.73
5147,49.49323000000004,-103.33564,2.7199999999999998,2.7199999999999998,2.7199999999999998,2.7199999999999998
5148,49.20584000000007,-103.25503,2.71,2.71,2.71,2.71
5149,49.05965000000003,-102.79218,2.62,2.62,2.62,2.62
5150,49.134180000000065,-103.76436,2.62,2.62,2.62,2.62
5151,49.42664000000007,-103.05802,2.6,2.6,2.6,2.6
5152,49.41548000000006,-102.6484,2.58,2.58,2.58,2.58
5153,49.68500000000005,-103.32577,2.58,2.58,2.58,2.58
5154,50.00168000000008,-108.56266,2.56,2.56,2.56,2.56
5155,49.67986000000007,-103.3455,2.56,2.56,2.56,2.56
5156,49.50290000000007,-103.35026,2.54,2.54,2.54,2.54
5157,49.25899000000004,-102.27286,2.54,2.54,2.54,2.54
5158,49.11628000000007,-103.43968,2.4899999999999998,2.4899999999999998,2.4899999999999998,2.4899999999999998
5159,49.75812000000007,-101.94567,2.48,2.48,2.48,2.48
5160,49.13152000000009,-104.14151,2.45,2.45,2.45,2.45
5161,49.530430000000074,-103.32546,2.42,2.42,2.42,2.42
5162,49.663500000000056,-103.68105,2.41,2.41,2.41,2.41
5163,49.549260000000054,-103.70258,2.39,2.39,2.39,2.39
5164,49.68765000000007,-103.41579,2.3800000000000003,2.3800000000000003,2.3800000000000003,2.3800000000000003
5165,49.73657000000002,-104.81955,2.36,2.36,2.36,2.36
5166,50.17786000000006,-103.53444,2.35,2.35,2.35,2.35
5167,49.41885000000008,-102.57083,2.33,2.33,2.33,2.33
5168,49.499650000000024,-104.02211,2.3,2.3,2.3,2.3
5169,50.41340000000008,-104.58754,2.29,2.29,2.29,2.29
5170,49.16951000000005,-109.75347,2.23,2.23,2.23,2.23
5171,51.13001000000003,-107.96026,2.17,2.17,2.17,2.17
5172,49.27800000000007,-102.74747,2.16,2.16,2.16,2.16
5173,50.41340000000008,-104.58754,2.16,2.16,2.16,2.16
5174,49.496320000000026,-103.98941,2.1399999999999997,2.1399999999999997,2.1399999999999997,2.1399999999999997
5175,49.77059000000003,-103.04614,2.13,2.13,2.13,2.13
5176,49.44425000000007,-101.428,2.12,2.12,2.12,2.12
5177,49.06892000000005,-102.77022,2.1,2.1,2.1,2.1
5178,49.20925000000005,-103.15076,2.08,2.08,2.08,2.08
5179,49.47437000000007,-102.90025,2.08,2.08,2.08,2.08
5180,49.52086000000003,-103.74218,2.04,2.04,2.04,2.04
5181,49.85778000000005,-102.98025,2.01,2.01,2.01,2.01
5182,49.02817000000004,-103.85264,2.01,2.01,2.01,2.01
5183,49.05856000000004,-103.51732,2.01,2.01,2.01,2.01
5184,49.886060000000036,-104.23878,2,2,2,2
5185,49.41988000000003,-103.06989,1.9900000000000002,1.9900000000000002,1.9900000000000002,1.9900000000000002
5186,49.44846000000007,-103.80908,1.9800000000000002,1.9800000000000002,1.9800000000000002,1.9800000000000002
5187,49.18647000000005,-101.49546,1.9300000000000002,1.9300000000000002,1.9300000000000002,1.9300000000000002
5188,49.294700000000034,-103.02462,1.91,1.91,1.91,1.91
5189,49.81450000000006,-103.11949,1.91,1.91,1.91,1.91
5190,49.34743000000003,-102.69596,1.9,1.9,1.9,1.9
5191,49.44846000000007,-103.80908,1.8900000000000001,1.8900000000000001,1.8900000000000001,1.8900000000000001
5192,49.15995000000003,-102.11426,1.87,1.87,1.87,1.87
5193,49.128040000000055,-103.12149,1.8599999999999999,1.8599999999999999,1.8599999999999999,1.8599999999999999
5194,49.415450000000064,-103.93715,1.8499999999999999,1.8499999999999999,1.8499999999999999,1.8499999999999999
5195,49.59431000000006,-103.56655,1.8499999999999999,1.8499999999999999,1.8499999999999999,1.8499999999999999
5196,49.469900000000045,-102.75502,1.8399999999999999,1.8399999999999999,1.8399999999999999,1.8399999999999999
5197,49.51364000000006,-103.75234,1.8399999999999999,1.8399999999999999,1.8399999999999999,1.8399999999999999
5198,49.45904000000006,-104.00482,1.7999999999999998,1.7999999999999998,1.7999999999999998,1.7999999999999998
5199,49.37920000000002,-104.85089,1.79,1.79,1.79,1.79
5200,49.55375000000003,-103.21591,1.77,1.77,1.77,1.77
5201,49.49196000000006,-103.98778,1.77,1.77,1.77,1.77
5202,49.517860000000034,-103.74177,1.76,1.76,1.76,1.76
5203,49.87165000000003,-102.89297,1.76,1.76,1.76,1.76
5204,49.41653000000008,-104.07165,1.7500000000000002,1.7500000000000002,1.7500000000000002,1.7500000000000002
5205,49.52220000000005,-103.33056,1.7399999999999998,1.7399999999999998,1.7399999999999998,1.7399999999999998
5206,49.67986000000007,-103.3455,1.73,1.73,1.73,1.73
5207,49.41430000000002,-104.07943,1.72,1.72,1.72,1.72
5208,49.474680000000035,-101.48982,1.69,1.69,1.69,1.69
5209,49.23222000000004,-103.93571,1.68,1.68,1.68,1.68
5210,49.49117000000007,-103.17056,1.68,1.68,1.68,1.68
5211,49.18643000000003,-101.48985,1.68,1.68,1.68,1.68
5212,50.47609000000005,-108.16147,1.67,1.67,1.67,1.67
5213,50.07793000000004,-103.55622,1.66,1.66,1.66,1.66
5214,49.94583000000006,-102.72501,1.66,1.66,1.66,1.66
5215,49.52857000000006,-103.40981,1.66,1.66,1.66,1.66
5216,50.20539000000009,-102.0619,1.6500000000000001,1.6500000000000001,1.6500000000000001,1.6500000000000001
5217,50.411330000000085,-108.42044,1.6500000000000001,1.6500000000000001,1.6500000000000001,1.6500000000000001
5218,49.14494000000008,-104.0408,1.6199999999999999,1.6199999999999999,1.6199999999999999,1.6199999999999999
5219,49.02029000000004,-109.62422,1.6199999999999999,1.6199999999999999,1.6199999999999999,1.6199999999999999
5220,49.44902000000007,-103.03142,1.6099999999999999,1.6099999999999999,1.6099999999999999,1.6099999999999999
5221,49.596490000000074,-102.65345,1.59,1.59,1.59,1.59
5222,49.72161000000004,-103.15046,1.58,1.58,1.58,1.58
5223,49.45974000000006,-102.7334,1.5599999999999998,1.5599999999999998,1.5599999999999998,1.5599999999999998
5224,49.94067000000006,-102.67753,1.55,1.55,1.55,1.55
5225,49.83369000000005,-103.27004,1.54,1.54,1.54,1.54
5226,50.07793000000004,-103.55622,1.52,1.52,1.52,1.52
5227,49.44846000000007,-103.80908,1.5,1.5,1.5,1.5
5228,51.12153000000006,-107.97913,1.5,1.5,1.5,1.5
5229,49.44902000000007,-103.03142,1.5,1.5,1.5,1.5
5230,49.44846000000007,-103.80908,1.46,1.46,1.46,1.46
5231,49.50998000000004,-103.15285,1.46,1.46,1.46,1.46
5232,49.03009000000002,-103.78806,1.4500000000000002,1.4500000000000002,1.4500000000000002,1.4500000000000002
5233,49.18966000000006,-102.75963,1.4500000000000002,1.4500000000000002,1.4500000000000002,1.4500000000000002
5234,49.57535000000007,-103.74214,1.44,1.44,1.44,1.44
5235,49.725870000000036,-102.76206,1.43,1.43,1.43,1.43
5236,50.04893000000003,-108.54913,1.41,1.41,1.41,1.41
5237,50.27309000000008,-106.42929,1.41,1.41,1.41,1.41
5238,49.46810000000005,-103.38937,1.41,1.41,1.41,1.41
5239,49.490110000000065,-102.95561,1.41,1.41,1.41,1.41
5240,49.329480000000046,-102.84815,1.39,1.39,1.39,1.39
5241,49.05746000000004,-102.51841,1.39,1.39,1.39,1.39
5242,49.42998000000006,-104.18415,1.32,1.32,1.32,1.32
5243,49.060880000000054,-101.76896,1.31,1.31,1.31,1.31
5244,49.085420000000056,-104.28002,1.31,1.31,1.31,1.31
5245,49.028030000000065,-103.60027,1.3,1.3,1.3,1.3
5246,49.52395000000007,-103.40203,1.3,1.3,1.3,1.3
5247,50.085330000000056,-103.73753,1.29,1.29,1.29,1.29
5248,49.17428000000006,-103.66325,1.29,1.29,1.29,1.29
5249,49.44846000000007,-103.80908,1.29,1.29,1.29,1.29
5250,49.17984000000006,-102.76505,1.28,1.28,1.28,1.28
5251,49.87023000000005,-102.97448,1.27,1.27,1.27,1.27
5252,49.40704000000005,-102.77731,1.26,1.26,1.26,1.26
5253,49.791510000000066,-103.0382,1.25,1.25,1.25,1.25
5254,49.01315000000005,-102.22216,1.23,1.23,1.23,1.23
5255,49.226270000000056,-102.54697,1.22,1.22,1.22,1.22
5256,49.01534000000003,-103.6999,1.22,1.22,1.22,1.22
5257,49.422210000000064,-105.25443,1.21,1.21,1.21,1.21
5258,49.688500000000026,-103.28513,1.21,1.21,1.21,1.21
5259,49.261740000000025,-103.42439,1.2,1.2,1.2,1.2
5260,50.02760000000006,-103.74768,1.2,1.2,1.2,1.2
5261,49.80818000000005,-102.97581,1.2,1.2,1.2,1.2
5262,49.44162000000006,-103.02968,1.2,1.2,1.2,1.2
5263,49.27721000000008,-102.37925,1.2,1.2,1.2,1.2
5264,49.01459000000005,-103.76216,1.1900000000000002,1.1900000000000002,1.1900000000000002,1.1900000000000002
5265,49.84333000000004,-108.60409,1.17,1.17,1.17,1.17
5266,49.84116000000006,-103.17968,1.16,1.16,1.16,1.16
5267,49.46810000000005,-103.38937,1.16,1.16,1.16,1.16
5268,49.005580000000066,-101.69581,1.15,1.15,1.15,1.15
5269,49.386360000000074,-103.97097,1.15,1.15,1.15,1.15
5270,49.51018000000005,-104.07001,1.15,1.15,1.15,1.15
5271,49.04934000000002,-103.35531,1.1400000000000001,1.1400000000000001,1.1400000000000001,1.1400000000000001
5272,49.03323000000007,-103.74188,1.1400000000000001,1.1400000000000001,1.1400000000000001,1.1400000000000001
5273,50.21989000000007,-108.51751,1.1400000000000001,1.1400000000000001,1.1400000000000001,1.1400000000000001
5274,49.44846000000007,-103.80908,1.1400000000000001,1.1400000000000001,1.1400000000000001,1.1400000000000001
5275,49.792640000000056,-104.01979,1.1400000000000001,1.1400000000000001,1.1400000000000001,1.1400000000000001
5276,49.422680000000064,-103.71979,1.1199999999999999,1.1199999999999999,1.1199999999999999,1.1199999999999999
5277,49.41885000000008,-102.57083,1.1199999999999999,1.1199999999999999,1.1199999999999999,1.1199999999999999
5278,49.67014000000006,-102.95774,1.1199999999999999,1.1199999999999999,1.1199999999999999,1.1199999999999999
5279,49.11803000000002,-103.54363,1.0999999999999999,1.0999999999999999,1.0999999999999999,1.0999999999999999
5280,49.47339000000004,-103.59053,1.0999999999999999,1.0999999999999999,1.0999999999999999,1.0999999999999999
5281,49.68336000000004,-103.31495,1.0999999999999999,1.0999999999999999,1.0999999999999999,1.0999999999999999
5282,49.35114000000005,-104.82261,1.09,1.09,1.09,1.09
5283,49.61240000000003,-108.41917,1.09,1.09,1.09,1.09
5284,49.596860000000035,-103.29279,1.08,1.08,1.08,1.08
5285,49.94767000000007,-108.58309,1.08,1.08,1.08,1.08
5286,49.79981000000003,-102.78453,1.08,1.08,1.08,1.08
5287,49.513140000000085,-103.83104,1.0699999999999998,1.0699999999999998,1.0699999999999998,1.0699999999999998
5288,50.17786000000006,-103.53444,1.06,1.06,1.06,1.06
5289,49.49263000000007,-103.02389,1.06,1.06,1.06,1.06
5290,49.600930000000055,-104.03586,1.06,1.06,1.06,1.06
5291,49.383340000000025,-103.9551,1.06,1.06,1.06,1.06
5292,49.63819000000006,-108.76324,1.05,1.05,1.05,1.05
5293,49.09300000000007,-102.52342,1.05,1.05,1.05,1.05
5294,49.360780000000034,-101.65475,1.04,1.04,1.04,1.04
5295,49.01314000000008,-103.6408,1.02,1.02,1.02,1.02
5296,49.81628000000006,-108.40281,1.01,1.01,1.01,1.01
5297,49.520850000000046,-103.74676,1.01,1.01,1.01,1.01
5298,49.51499000000006,-104.00444,1.01,1.01,1.01,1.01
5299,49.59639000000004,-103.365,1,1,1,1
5300,49.82135000000004,-104.18173,1,1,1,1
5301,49.44457000000005,-103.99342,1,1,1,1
